7.34375,158.0625,8.1875,-2.875,0.02,0.3,0.16,3,3,3,3
15.79736328125,158.0,8.1875,-2.875,-0.3,0.46,0.05,3,3,3,3
26.2919921875,157.9375,8.1875,-2.9375,-0.05,0.62,0.01,3,3,3,3
35.2978515625,157.9375,8.125,-3.0,-0.31,0.56,0.02,3,3,3,3
48.2841796875,157.9375,8.125,-3.0,-0.42,0.41,-0.12,3,3,3,3
57.57470703125,158.0,8.0625,-3.0625,-0.23,0.39,-0.09,3,3,3,3
67.544921875,157.9375,8.0625,-3.0625,-0.04,0.32,0.18,3,3,3,3
75.92529296875,157.9375,8.125,-3.0625,-0.07,0.44,0.19,3,3,3,3
86.096435546875,157.9375,8.125,-3.0625,-0.19,0.43,0.02,3,3,3,3
104.552001953125,157.9375,8.125,-3.0625,-0.09,0.22,0.12,3,3,3,3
114.561767578125,157.9375,8.125,-3.125,0.25,0.1,0.37,3,3,3,3
124.24462890625,157.9375,8.1875,-3.125,-0.18,0.28,0.0,3,3,3,3
132.7685546875,157.9375,8.1875,-3.1875,-0.22,0.46,-0.02,3,3,3,3
138.24658203125,157.9375,8.1875,-3.3125,-0.22,0.46,-0.02,3,3,3,3
154.855712890625,158.0,8.1875,-3.375,-0.09,0.08,0.1,3,3,3,3
164.945068359375,158.0,8.25,-3.4375,0.04,0.35,0.18,3,3,3,3
174.312744140625,158.0,8.25,-3.5,0.11,0.28,0.06,3,3,3,3
182.711181640625,158.0,8.3125,-3.5,-0.22,0.18,0.04,3,3,3,3
188.26513671875,158.0,8.3125,-3.5625,-0.22,0.18,0.04,3,3,3,3
204.097412109375,158.0,8.3125,-3.5625,-0.13,-0.06,-0.03,3,3,3,3
211.887939453125,158.0,8.3125,-3.5625,-0.18,-0.09,-0.06,3,3,3,3
216.8896484375,158.0,8.375,-3.5625,-0.18,-0.09,-0.06,3,3,3,3
225.45068359375,158.0,8.375,-3.5625,-0.23,-0.07,-0.13,3,3,3,3
233.744140625,158.0,8.375,-3.5625,-0.16,0.04,-0.02,3,3,3,3
246.869873046875,158.0,8.4375,-3.625,-0.25,0.02,0.01,3,3,3,3
257.859619140625,158.0625,8.5,-3.6875,-0.24,0.03,0.08,3,3,3,3
267.240478515625,158.0625,8.5,-3.75,0.12,0.0,0.26,3,3,3,3
276.52099609375,158.0625,8.5625,-3.8125,-0.15,-0.14,0.1,3,3,3,3
285.0400390625,158.0625,8.5625,-3.8125,-0.26,0.06,0.11,3,3,3,3
298.925537109375,158.0625,8.5625,-3.8125,-0.19,0.31,0.09,3,3,3,3
308.069580078125,158.0,8.5625,-4.0,-0.24,0.08,0.24,3,3,3,3
316.478759765625,158.0,8.5625,-4.0,0.1,0.01,0.37,3,3,3,3
324.235107421875,158.0,8.5625,-4.0,0.25,-0.12,0.46,3,3,3,3
332.887451171875,158.0,8.625,-4.0625,0.13,0.0,0.36,3,3,3,3
337.829833984375,158.0,8.625,-4.125,0.13,0.0,0.36,3,3,3,3
353.100341796875,158.0,8.625,-4.1875,-0.24,-0.27,0.16,3,3,3,3
363.95263671875,158.0625,8.625,-4.1875,0.16,-0.23,0.42,3,3,3,3
368.98974609375,158.0,8.625,-4.25,0.16,-0.23,0.42,3,3,3,3
376.93359375,158.0,8.6875,-4.25,0.07,0.27,0.34,3,3,3,3
384.358642578125,158.0,8.6875,-4.25,-0.22,0.44,0.19,3,3,3,3
396.864990234375,158.0,8.6875,-4.375,-0.33,0.0,0.13,3,3,3,3
404.923828125,158.0,8.6875,-4.375,-0.17,0.01,0.25,3,3,3,3
412.828369140625,158.0,8.6875,-4.375,0.11,0.05,0.42,3,3,3,3
417.74609375,158.0,8.75,-4.4375,0.11,0.05,0.42,3,3,3,3
426.29541015625,158.0,8.75,-4.4375,0.1,0.12,0.26,3,3,3,3
434.246337890625,158.0,8.75,-4.4375,0.19,-0.37,0.35,3,3,3,3
439.4521484375,157.9375,8.8125,-4.4375,0.19,-0.37,0.35,3,3,3,3
453.241455078125,157.9375,8.8125,-4.4375,-0.05,0.06,0.1,3,3,3,3
459.598388671875,157.9375,8.75,-4.4375,-0.05,0.06,0.1,3,3,3,3
466.646728515625,157.875,8.75,-4.4375,-0.27,-0.25,-0.03,3,3,3,3
474.77685546875,157.875,8.75,-4.4375,-0.35,0.04,-0.13,3,3,3,3
483.53662109375,157.875,8.6875,-4.5,-0.2,0.07,-0.07,3,3,3,3
488.464599609375,157.8125,8.6875,-4.5,-0.2,0.07,-0.07,3,3,3,3
504.785400390625,157.8125,8.6875,-4.5625,-0.09,-0.11,0.09,3,3,3,3
514.06787109375,157.875,8.75,-4.5625,0.19,-0.17,0.17,3,3,3,3
519.46435546875,157.875,8.75,-4.5625,0.19,-0.17,0.17,3,3,3,3
526.869140625,157.8125,8.8125,-4.5,0.36,-0.25,0.08,3,3,3,3
535.181396484375,157.8125,8.8125,-4.5,0.36,-0.4,0.18,3,3,3,3
547.435791015625,157.8125,8.8125,-4.5625,0.29,0.02,0.26,3,3,3,3
555.827880859375,157.75,8.875,-4.5625,0.25,0.06,0.28,3,3,3,3
563.700439453125,157.75,8.875,-4.5625,0.04,0.07,0.21,3,3,3,3
568.81494140625,157.6875,8.8125,-4.625,0.04,0.07,0.21,3,3,3,3
577.23193359375,157.625,8.8125,-4.6875,-0.04,0.04,0.08,3,3,3,3
585.3046875,157.625,8.8125,-4.6875,-0.23,0.19,0.13,3,3,3,3
597.705810546875,157.5625,8.8125,-4.6875,-0.14,0.42,0.2,3,3,3,3
605.4560546875,157.5,8.8125,-4.6875,-0.16,0.46,0.21,3,3,3,3
614.42041015625,157.625,8.8125,-4.75,-0.09,0.17,0.14,3,3,3,3
619.88330078125,157.5625,8.8125,-4.75,-0.09,0.17,0.14,3,3,3,3
626.93017578125,157.5,8.875,-4.6875,-0.04,0.26,0.09,3,3,3,3
636.410888671875,157.5,8.875,-4.6875,0.17,0.06,0.25,3,3,3,3
648.82958984375,157.5,8.875,-4.6875,0.06,0.12,0.21,3,3,3,3
659.127197265625,157.4375,8.875,-4.75,-0.23,0.24,0.26,3,3,3,3
667.64306640625,157.375,8.875,-4.75,-0.43,0.51,0.18,3,3,3,3
675.5888671875,157.375,8.875,-4.75,-0.47,0.72,0.11,3,3,3,3
684.321044921875,157.375,8.875,-4.75,-0.35,0.73,0.15,3,3,3,3
689.23681640625,157.375,8.875,-4.75,-0.35,0.73,0.15,3,3,3,3
704.384521484375,157.3125,8.875,-4.6875,-0.09,0.74,0.39,3,3,3,3
710.63525390625,157.3125,8.875,-4.6875,-0.09,0.74,0.39,3,3,3,3
717.59912109375,157.3125,8.9375,-4.5625,-0.3,0.28,0.28,3,3,3,3
726.054931640625,157.3125,8.9375,-4.5625,-0.31,-0.07,0.27,3,3,3,3
734.665771484375,157.3125,8.9375,-4.5,-0.02,0.37,0.18,3,3,3,3
739.6259765625,157.3125,8.9375,-4.375,-0.02,0.37,0.18,3,3,3,3
755.086181640625,157.25,9.0,-4.3125,0.06,-0.35,0.17,3,3,3,3
765.130126953125,157.25,9.0,-4.25,0.27,-0.31,0.32,3,3,3,3
770.484619140625,157.25,9.0625,-4.125,0.27,-0.31,0.32,3,3,3,3
777.886962890625,157.25,9.0625,-4.0625,0.51,-0.1,0.34,3,3,3,3
786.181396484375,157.25,9.0625,-4.0625,0.52,-0.19,0.35,3,3,3,3
798.58154296875,157.1875,9.125,-4.0,0.24,-0.47,0.28,3,3,3,3
806.920166015625,157.125,9.125,-3.9375,0.12,-0.22,0.28,3,3,3,3
814.83056640625,157.0625,9.125,-3.875,-0.08,0.07,0.13,3,3,3,3
819.791015625,157.0,9.0625,-3.8125,-0.08,0.07,0.13,3,3,3,3
828.138671875,156.875,9.0625,-3.75,-0.43,0.09,-0.21,3,3,3,3
836.4453125,156.875,9.0625,-3.75,-0.66,0.0,-0.14,3,3,3,3
848.803466796875,156.8125,9.0625,-3.6875,-0.38,0.75,0.11,3,3,3,3
857.514404296875,156.75,9.0625,-3.6875,-0.55,0.69,0.02,3,3,3,3
866.8515625,156.75,9.0625,-3.625,-0.39,0.08,0.35,3,3,3,3
875.25439453125,156.6875,9.0625,-3.5,-0.15,0.06,0.5,3,3,3,3
880.29638671875,156.625,9.125,-3.4375,-0.15,0.06,0.5,3,3,3,3
888.373779296875,156.625,9.125,-3.3125,0.13,0.24,0.45,3,3,3,3
900.205322265625,156.625,9.125,-3.3125,-0.13,-0.11,0.35,3,3,3,3
909.193359375,156.5625,9.125,-3.1875,0.07,-0.25,0.58,3,3,3,3
916.764404296875,156.5625,9.125,-3.1875,0.3,0.19,0.51,3,3,3,3
925.50537109375,156.5625,9.0625,-3.125,0.0,0.05,0.44,3,3,3,3
930.48828125,156.5625,9.0,-3.125,0.0,0.05,0.44,3,3,3,3
938.593994140625,156.5625,8.875,-3.1875,-0.22,0.53,0.3,3,3,3,3
951.03173828125,156.5625,8.875,-3.1875,-0.65,1.06,0.08,3,3,3,3
959.918701171875,156.5625,8.75,-3.125,-1.1,1.14,-0.1,3,3,3,3
968.8193359375,156.625,8.75,-3.0,-1.03,1.08,-0.22,3,3,3,3
977.107421875,156.625,8.75,-3.0,-0.93,0.92,-0.28,3,3,3,3
985.83154296875,156.625,8.75,-2.8125,-0.8,0.87,-0.25,3,3,3,3
990.778076171875,156.625,8.8125,-2.6875,-0.8,0.87,-0.25,3,3,3,3
1005.6171875,156.6875,8.875,-2.4375,-0.22,0.33,0.12,3,3,3,3
1011.642333984375,156.75,8.875,-2.25,-0.22,0.33,0.12,3,3,3,3
1019.566650390625,156.8125,8.9375,-2.125,0.03,-0.09,0.26,3,3,3,3
1027.34033203125,156.8125,8.9375,-2.125,0.24,0.0,0.28,3,3,3,3
1036.074951171875,156.9375,8.9375,-2.0,0.34,0.03,0.44,3,3,3,3
1041.015380859375,157.0,8.9375,-1.875,0.34,0.03,0.44,3,3,3,3
1056.00244140625,157.125,8.9375,-1.8125,-0.3,0.36,0.2,3,3,3,3
1062.196533203125,157.125,8.9375,-1.6875,-0.3,0.36,0.2,3,3,3,3
1070.0673828125,157.1875,8.9375,-1.5625,-0.15,0.34,0.36,3,3,3,3
1077.499267578125,157.1875,8.9375,-1.5625,0.11,-0.14,0.6,3,3,3,3
1086.298583984375,157.25,8.9375,-1.4375,0.2,-0.06,0.79,3,3,3,3
1091.24951171875,157.3125,9.0,-1.3125,0.2,-0.06,0.79,3,3,3,3
1106.44775390625,157.375,9.0,-1.25,-0.02,0.19,1.11,3,3,3,3
1112.713134765625,157.5,9.0,-1.125,-0.02,0.19,1.11,3,3,3,3
1119.7509765625,157.5625,8.9375,-1.0625,-0.19,0.51,0.92,3,3,3,3
1127.736083984375,157.5625,8.9375,-1.0625,-0.33,0.56,0.82,3,3,3,3
1136.5166015625,157.625,8.9375,-1.0,-0.51,0.6,0.86,3,3,3,3
1141.489990234375,157.6875,8.875,-0.875,-0.51,0.6,0.86,3,3,3,3
1156.345947265625,157.75,8.875,-0.75,-0.58,1.26,0.95,3,3,3,3
1162.5419921875,157.8125,8.875,-0.6875,-0.58,1.26,0.95,3,3,3,3
1169.458740234375,157.875,8.875,-0.5625,-0.39,1.33,0.93,3,3,3,3
1178.0654296875,157.875,8.875,-0.5625,-0.27,1.17,0.87,3,3,3,3
1186.734619140625,158.0,8.9375,-0.4375,-0.23,1.03,0.85,3,3,3,3
1191.6494140625,158.125,9.0,-0.3125,-0.23,1.03,0.85,3,3,3,3
1206.707275390625,158.25,9.0625,-0.125,0.2,0.87,0.95,3,3,3,3
1212.905517578125,158.375,9.125,0.0625,0.2,0.87,0.95,3,3,3,3
1219.9248046875,158.4375,9.1875,0.3125,0.35,0.45,1.08,3,3,3,3
1228.217041015625,158.4375,9.1875,0.3125,0.6,0.51,0.96,3,3,3,3
1236.972412109375,158.5625,9.1875,0.5625,0.2,0.63,0.82,3,3,3,3
1241.995849609375,158.625,9.1875,0.75,0.2,0.63,0.82,3,3,3,3
1257.33642578125,158.6875,9.125,1.0,-0.24,0.35,0.6,3,3,3,3
1267.357421875,159.0,9.125,1.25,-0.4,0.67,0.52,3,3,3,3
1272.735595703125,159.125,9.0625,1.5,-0.4,0.67,0.52,3,3,3,3
1280.107177734375,159.1875,9.0625,1.6875,-0.34,0.89,0.49,3,3,3,3
1288.50537109375,159.1875,9.0625,1.6875,-0.55,1.0,0.45,3,3,3,3
1300.9521484375,159.3125,9.0625,1.875,-0.78,0.95,0.4,3,3,3,3
1309.13232421875,159.4375,9.0625,2.125,-0.23,1.21,0.65,3,3,3,3
1317.083251953125,159.5625,9.125,2.375,0.38,1.12,1.0,3,3,3,3
1322.1142578125,159.6875,9.1875,2.625,0.38,1.12,1.0,3,3,3,3
1330.47412109375,159.8125,9.125,2.9375,0.37,0.64,1.07,3,3,3,3
1338.790283203125,159.8125,9.125,2.9375,1.39,0.14,0.83,3,3,3,3
1351.18798828125,159.875,9.125,3.25,1.21,-0.69,1.87,3,3,3,3
1359.840087890625,160.0625,9.125,3.5,-1.26,-0.03,0.45,3,3,3,3
1369.021240234375,160.1875,8.875,3.6875,0.2,1.07,1.56,3,3,3,3
1377.522705078125,160.3125,8.6875,3.75,-1.42,1.49,-0.03,3,3,3,3
1382.481689453125,160.4375,8.375,3.9375,-1.42,1.49,-0.03,3,3,3,3
1390.658935546875,160.5625,8.1875,4.25,-0.45,-0.19,1.12,3,3,3,3
1402.4326171875,160.5625,8.1875,4.25,-0.57,1.05,0.85,3,3,3,3
1411.4765625,160.875,7.6875,4.5625,-0.52,1.37,0.39,3,3,3,3
1419.098388671875,160.875,7.6875,4.5625,-1.61,0.75,-0.11,3,3,3,3
1427.83349609375,161.0,7.3125,4.8125,-2.01,0.85,-0.55,3,3,3,3
1432.814697265625,161.25,6.9375,4.9375,-2.01,0.85,-0.55,3,3,3,3
1440.955322265625,161.4375,6.6875,5.0625,-1.88,0.78,-0.51,3,3,3,3
1452.2509765625,161.4375,6.6875,5.0625,-1.62,0.88,-0.56,3,3,3,3
1462.282470703125,161.8125,6.25,5.1875,-1.86,1.07,-0.29,3,3,3,3
1470.779296875,162.0,6.0625,5.1875,-1.87,1.94,-0.18,3,3,3,3
1479.486328125,162.0,6.0625,5.1875,-1.65,2.5,-0.42,3,3,3,3
1488.09375,162.3125,5.875,5.1875,-2.22,1.81,-0.74,3,3,3,3
1493.05126953125,162.625,5.6875,5.25,-2.22,1.81,-0.74,3,3,3,3
1507.91748046875,163.0,5.4375,5.375,-1.47,1.06,-0.76,3,3,3,3
1514.114501953125,163.4375,5.25,5.5,-1.47,1.06,-0.76,3,3,3,3
1521.104736328125,163.875,5.0,5.625,-1.42,0.74,-0.9,3,3,3,3
1529.60693359375,163.875,5.0,5.625,-1.92,0.84,-1.09,3,3,3,3
1538.32275390625,164.25,4.75,5.6875,-2.16,1.48,-1.18,3,3,3,3
1543.311279296875,164.6875,4.5,5.75,-2.16,1.48,-1.18,3,3,3,3
1558.5,165.125,4.3125,5.75,-1.07,1.54,-1.04,3,3,3,3
1564.731201171875,165.75,4.1875,5.8125,-1.07,1.54,-1.04,3,3,3,3
1571.7294921875,166.25,4.0,5.875,-0.79,0.37,-1.38,3,3,3,3
1579.895263671875,166.25,4.0,5.875,-0.85,-0.32,-1.43,3,3,3,3
1588.590087890625,166.75,3.75,6.0,-0.97,-0.44,-1.52,3,3,3,3
1593.54541015625,167.25,3.5625,6.0625,-0.97,-0.44,-1.52,3,3,3,3
1609.030029296875,167.75,3.375,6.0,-0.17,-0.21,-0.83,3,3,3,3
1619.212646484375,168.4375,3.1875,6.0,-0.14,-0.48,-0.77,3,3,3,3
1624.530517578125,168.9375,3.0,5.9375,-0.14,-0.48,-0.77,3,3,3,3
1631.79638671875,169.375,2.875,5.8125,-0.42,0.09,-1.0,3,3,3,3
1640.134521484375,169.375,2.875,5.8125,-0.23,0.65,-0.62,3,3,3,3
1652.46142578125,169.8125,2.75,5.75,-0.48,0.06,-0.99,3,3,3,3
1660.829345703125,170.25,2.5625,5.6875,-1.02,-0.32,-0.93,3,3,3,3
1668.68896484375,170.8125,2.375,5.625,-1.38,0.08,-1.16,3,3,3,3
1673.771484375,171.25,2.25,5.5,-1.38,0.08,-1.16,3,3,3,3
1681.953125,171.75,2.125,5.375,-1.47,0.48,-1.08,3,3,3,3
1690.44921875,171.75,2.125,5.375,-0.93,0.4,-0.43,3,3,3,3
1702.702392578125,172.3125,2.1875,5.25,-0.74,0.57,-0.25,3,3,3,3
1711.4404296875,172.8125,2.25,5.1875,-0.96,0.33,-0.12,3,3,3,3
1720.810546875,173.3125,2.375,5.0625,-0.79,0.69,0.57,3,3,3,3
1729.134765625,173.8125,2.5625,5.0,-0.17,0.74,0.94,3,3,3,3
1734.04638671875,174.3125,2.75,4.875,-0.17,0.74,0.94,3,3,3,3
1742.21728515625,174.8125,2.9375,4.6875,0.05,1.22,1.15,3,3,3,3
1755.19921875,174.8125,2.9375,4.6875,0.24,1.55,1.12,3,3,3,3
1763.109375,176.0,3.3125,4.4375,0.38,0.82,1.28,3,3,3,3
1771.11279296875,176.0,3.3125,4.4375,0.27,0.1,1.27,3,3,3,3
1779.36083984375,176.6875,3.4375,4.375,0.06,0.36,1.05,3,3,3,3
1784.265869140625,177.375,3.5,4.3125,0.06,0.36,1.05,3,3,3,3
1792.4404296875,178.0625,3.5625,4.1875,0.28,0.31,0.96,3,3,3,3
1804.88818359375,178.0625,3.5625,4.1875,-0.1,-0.04,0.64,3,3,3,3
1813.754638671875,179.5,3.625,4.0,0.03,-0.35,0.33,3,3,3,3
1822.732666015625,180.1875,3.6875,3.9375,-0.05,-0.27,0.05,3,3,3,3
1830.991455078125,180.1875,3.6875,3.9375,0.59,-1.19,0.27,3,3,3,3
1839.639404296875,180.8125,3.75,3.9375,0.31,-1.11,0.09,3,3,3,3
1844.550048828125,181.375,3.75,3.875,0.31,-1.11,0.09,3,3,3,3
1859.537109375,181.9375,3.8125,3.8125,0.15,-0.22,0.15,3,3,3,3
1865.7109375,182.6875,3.875,3.625,0.15,-0.22,0.15,3,3,3,3
1872.763427734375,183.3125,3.9375,3.375,0.68,0.14,0.03,3,3,3,3
1881.26171875,183.3125,3.9375,3.375,0.4,-0.33,-0.02,3,3,3,3
1889.90380859375,184.0,3.9375,3.125,0.48,-0.68,0.02,3,3,3,3
1894.824462890625,184.6875,3.875,2.9375,0.48,-0.68,0.02,3,3,3,3
1909.84765625,185.375,3.875,2.6875,1.54,-1.01,-0.33,3,3,3,3
1916.07080078125,186.1875,3.8125,2.4375,1.54,-1.01,-0.33,3,3,3,3
1923.073974609375,186.8125,3.75,2.3125,1.35,-1.88,-0.22,3,3,3,3
1931.349853515625,186.8125,3.75,2.3125,2.89,-3.05,0.47,3,3,3,3
1940.190185546875,187.375,3.625,2.125,3.16,-2.17,0.39,3,3,3,3
1945.1318359375,187.8125,3.4375,1.8125,3.16,-2.17,0.39,3,3,3,3
1960.435546875,188.1875,3.1875,1.4375,-1.82,1.05,0.23,3,3,3,3
1966.63916015625,188.5,2.75,1.0,-1.82,1.05,0.23,3,3,3,3
1973.610107421875,188.75,2.375,0.75,0.58,-0.72,-1.09,3,3,3,3
1981.66650390625,188.75,2.375,0.75,2.03,-0.69,-0.59,3,3,3,3
1990.4658203125,188.9375,2.25,0.5,1.4,-2.28,-0.3,3,3,3,3
1995.374267578125,189.125,1.9375,0.3125,1.4,-2.28,-0.3,3,3,3,3
2010.25146484375,189.25,1.5625,0.1875,-2.89,-0.01,-2.12,3,3,3,3
2016.38623046875,189.3125,1.3125,0.0625,-2.89,-0.01,-2.12,3,3,3,3
2023.45166015625,189.4375,1.375,-0.0625,-0.24,2.13,-1.43,3,3,3,3
2031.968994140625,189.4375,1.375,-0.0625,0.93,-1.4,-0.5,3,3,3,3
2040.604248046875,189.5625,1.3125,-0.1875,0.39,-2.69,-0.25,3,3,3,3
2045.557373046875,189.8125,1.25,-0.0625,0.39,-2.69,-0.25,3,3,3,3
2060.606689453125,190.0625,1.1875,-0.25,1.84,0.99,0.89,3,3,3,3
2066.83447265625,190.3125,1.375,-0.5,1.84,0.99,0.89,3,3,3,3
2074.12841796875,190.5625,1.5,-0.8125,0.95,1.11,0.43,3,3,3,3
2082.187744140625,190.5625,1.5,-0.8125,0.63,-0.22,0.59,3,3,3,3
2090.854248046875,190.8125,1.5,-0.9375,0.05,0.77,0.49,3,3,3,3
2095.783447265625,191.0625,1.5,-1.0625,0.05,0.77,0.49,3,3,3,3
2111.0966796875,191.375,1.5625,-1.1875,0.28,0.8,0.91,3,3,3,3
2121.3486328125,191.625,1.625,-1.3125,0.0,0.78,0.57,3,3,3,3
2126.734619140625,191.875,1.625,-1.375,0.0,0.78,0.57,3,3,3,3
2134.01123046875,192.1875,1.625,-1.375,-0.78,0.68,-0.29,3,3,3,3
2142.344970703125,192.1875,1.625,-1.375,-0.31,0.14,0.01,3,3,3,3
2154.8896484375,192.4375,1.6875,-1.3125,-0.29,0.14,0.05,3,3,3,3
2162.94921875,192.6875,1.8125,-1.1875,0.25,-0.1,0.29,3,3,3,3
2170.967529296875,192.875,1.9375,-1.0625,-0.12,0.37,0.13,3,3,3,3
2175.9658203125,193.125,2.125,-1.0,-0.12,0.37,0.13,3,3,3,3
2184.305908203125,193.4375,2.25,-0.9375,0.35,0.3,0.23,3,3,3,3
2192.64892578125,193.4375,2.25,-0.9375,0.0,0.23,0.12,3,3,3,3
2205.00390625,193.75,2.375,-0.875,-0.07,-0.18,0.07,3,3,3,3
2213.49267578125,194.0625,2.5,-0.875,-0.35,0.43,-0.22,3,3,3,3
2221.43017578125,194.4375,2.625,-0.8125,-0.13,0.17,-0.1,3,3,3,3
2226.3876953125,194.75,2.75,-0.8125,-0.13,0.17,-0.1,3,3,3,3
2234.53857421875,195.0625,2.875,-0.8125,-0.21,0.09,-0.18,3,3,3,3
2242.9033203125,195.0625,2.875,-0.8125,0.16,0.11,0.0,3,3,3,3
2255.2275390625,195.375,3.0625,-0.75,0.32,0.26,0.19,3,3,3,3
2264.226806640625,195.625,3.25,-0.6875,0.26,0.71,0.05,3,3,3,3
2273.478271484375,195.9375,3.4375,-0.625,0.1,0.43,0.02,3,3,3,3
2281.5693359375,196.25,3.5625,-0.5625,-0.18,0.06,-0.31,3,3,3,3
2286.538818359375,196.5625,3.6875,-0.5,-0.18,0.06,-0.31,3,3,3,3
2294.699951171875,196.875,3.8125,-0.4375,0.08,-0.16,-0.17,3,3,3,3
2306.867431640625,196.875,3.8125,-0.4375,-0.24,-0.2,-0.45,3,3,3,3
2315.90478515625,197.5,4.0,-0.25,-0.23,-0.34,-0.5,3,3,3,3
2323.361328125,197.5,4.0,-0.25,0.22,-0.09,-0.48,3,3,3,3
2331.882080078125,197.8125,4.1875,-0.1875,0.23,-0.28,-0.35,3,3,3,3
2337.58251953125,198.0625,4.375,-0.125,0.23,-0.28,-0.35,3,3,3,3
2345.069580078125,198.3125,4.5625,0.0,0.39,-0.19,-0.2,3,3,3,3
2357.581298828125,198.3125,4.5625,0.0,0.54,-0.12,-0.21,3,3,3,3
2366.4599609375,198.8125,4.875,0.0,0.33,-0.17,0.15,3,3,3,3
2376.501953125,199.0625,5.0625,0.0,0.49,0.74,0.31,3,3,3,3
2385.228515625,199.3125,5.25,0.0,1.19,0.57,0.68,3,3,3,3
2393.56201171875,199.3125,5.25,0.0,0.84,0.04,0.74,3,3,3,3
2405.87255859375,199.4375,5.375,0.0625,0.63,-0.17,0.38,3,3,3,3
2414.0390625,199.625,5.5,0.1875,0.39,-0.09,0.23,3,3,3,3
2422.122314453125,199.75,5.625,0.3125,0.63,-0.53,0.15,3,3,3,3
2427.046630859375,199.875,5.75,0.375,0.63,-0.53,0.15,3,3,3,3
2435.39306640625,200.0,5.875,0.4375,0.13,-0.77,-0.04,3,3,3,3
2443.77099609375,200.0,5.875,0.4375,0.19,-0.34,0.13,3,3,3,3
2456.100341796875,200.125,6.0,0.4375,0.17,0.39,0.0,3,3,3,3
2464.697265625,200.3125,6.125,0.3125,0.16,0.05,-0.05,3,3,3,3
2472.58349609375,200.5625,6.25,0.25,-0.04,-0.61,-0.01,3,3,3,3
2477.643798828125,200.6875,6.375,0.25,-0.04,-0.61,-0.01,3,3,3,3
2486.561767578125,200.875,6.5,0.125,0.48,-0.42,0.0,3,3,3,3
2493.931640625,200.875,6.5,0.125,0.51,-0.3,0.01,3,3,3,3
2506.429931640625,201.0625,6.6875,0.0625,0.34,-0.58,0.33,3,3,3,3
2515.23681640625,201.1875,6.75,0.0,0.06,0.42,0.08,3,3,3,3
2524.574462890625,201.3125,6.875,-0.125,0.07,-0.19,0.19,3,3,3,3
2532.68798828125,201.5,6.9375,-0.1875,-0.21,-0.67,0.09,3,3,3,3
2537.6083984375,201.625,7.0,-0.25,-0.21,-0.67,0.09,3,3,3,3
2545.940185546875,201.8125,7.125,-0.375,-0.15,-0.48,0.21,3,3,3,3
2557.835693359375,201.8125,7.125,-0.375,-0.1,0.27,0.12,3,3,3,3
2566.869873046875,202.125,7.375,-0.75,-0.52,0.58,0.0,3,3,3,3
2574.49658203125,202.125,7.375,-0.75,-0.5,0.71,0.11,3,3,3,3
2582.977294921875,202.3125,7.5,-0.875,-0.07,0.59,0.32,3,3,3,3
2587.900146484375,202.5,7.625,-1.0,-0.07,0.59,0.32,3,3,3,3
2596.10791015625,202.75,7.75,-1.125,-0.07,0.58,0.31,3,3,3,3
2608.689697265625,202.75,7.75,-1.125,-0.13,0.3,0.44,3,3,3,3
2617.546630859375,203.1875,8.0625,-1.3125,-0.17,0.03,0.49,3,3,3,3
2626.605224609375,203.375,8.25,-1.375,0.13,0.44,0.32,3,3,3,3
2634.668701171875,203.375,8.25,-1.375,-0.1,0.65,0.04,3,3,3,3
2644.201904296875,203.5625,8.375,-1.4375,-0.23,0.12,0.15,3,3,3,3
2649.409912109375,203.6875,8.5,-1.375,-0.23,0.12,0.15,3,3,3,3
2665.1064453125,203.8125,8.625,-1.3125,-0.05,0.13,0.21,3,3,3,3
2673.23779296875,203.9375,8.75,-1.25,-0.22,0.02,0.26,3,3,3,3
2678.18896484375,204.125,8.9375,-1.25,-0.22,0.02,0.26,3,3,3,3
2686.533203125,204.3125,9.0625,-1.25,0.0,0.24,0.19,3,3,3,3
2694.871337890625,204.3125,9.0625,-1.25,0.23,0.37,0.13,3,3,3,3
2707.21923828125,204.5,9.1875,-1.25,-0.01,-0.31,0.06,3,3,3,3
2715.588623046875,204.6875,9.3125,-1.25,0.22,-0.23,0.17,3,3,3,3
2723.5107421875,204.875,9.4375,-1.25,0.24,0.07,0.04,3,3,3,3
2728.42138671875,205.0625,9.5625,-1.25,0.24,0.07,0.04,3,3,3,3
2736.7919921875,205.1875,9.6875,-1.25,0.08,0.45,-0.08,3,3,3,3
2746.040771484375,205.1875,9.6875,-1.25,0.0,-0.05,-0.03,3,3,3,3
2757.28271484375,205.375,9.8125,-1.1875,0.05,-0.21,0.09,3,3,3,3
2766.079833984375,205.5,10.0,-1.1875,0.73,0.26,0.42,3,3,3,3
2775.322265625,205.5625,10.1875,-1.1875,0.86,0.11,0.43,3,3,3,3
2783.871337890625,205.75,10.3125,-1.1875,0.44,-0.34,0.22,3,3,3,3
2788.7900390625,205.875,10.375,-1.125,0.44,-0.34,0.22,3,3,3,3
2797.009033203125,206.0625,10.4375,-1.0625,0.56,-0.43,0.2,3,3,3,3
2809.9580078125,206.0625,10.4375,-1.0625,0.59,-0.04,0.26,3,3,3,3
2817.736083984375,206.3125,10.6875,-1.125,0.84,0.19,0.49,3,3,3,3
2826.289794921875,206.3125,10.6875,-1.125,0.7,0.0,0.5,3,3,3,3
2834.205810546875,206.5,10.8125,-1.125,0.66,-0.08,0.47,3,3,3,3
2839.14453125,206.5625,11.0,-1.0625,0.66,-0.08,0.47,3,3,3,3
2847.275146484375,206.6875,11.125,-1.0625,0.92,0.15,0.63,3,3,3,3
2859.330810546875,206.6875,11.125,-1.0625,1.26,0.27,0.61,3,3,3,3
2868.368408203125,206.8125,11.3125,-0.875,1.13,-0.35,0.58,3,3,3,3
2877.290283203125,206.8125,11.375,-0.75,1.09,-0.58,0.65,3,3,3,3
2885.721435546875,206.8125,11.375,-0.75,1.16,-0.09,0.56,3,3,3,3
2894.411376953125,206.875,11.4375,-0.6875,0.93,0.34,0.63,3,3,3,3
2899.3359375,206.875,11.5,-0.6875,0.93,0.34,0.63,3,3,3,3
2914.5576171875,206.9375,11.5,-0.625,0.61,0.07,0.49,3,3,3,3
2920.904541015625,206.9375,11.5,-0.5625,0.61,0.07,0.49,3,3,3,3
2927.94873046875,206.9375,11.5,-0.5,0.78,-0.22,0.28,3,3,3,3
2935.597900390625,206.9375,11.5,-0.5,0.82,-0.27,0.13,3,3,3,3
2944.571044921875,206.9375,11.5,-0.5,0.88,-0.49,-0.04,3,3,3,3
2949.484619140625,206.9375,11.4375,-0.4375,0.88,-0.49,-0.04,3,3,3,3
2964.46826171875,206.875,11.4375,-0.4375,0.67,-0.05,-0.15,3,3,3,3
2970.666015625,206.8125,11.375,-0.4375,0.67,-0.05,-0.15,3,3,3,3
2977.666259765625,206.8125,11.375,-0.5,0.56,0.01,-0.29,3,3,3,3
2986.1611328125,206.8125,11.375,-0.5,0.3,-0.22,-0.32,3,3,3,3
2994.89306640625,206.75,11.3125,-0.5,0.44,-0.18,-0.08,3,3,3,3
2999.84765625,206.6875,11.3125,-0.5625,0.44,-0.18,-0.08,3,3,3,3
3014.8369140625,206.625,11.375,-0.625,1.57,-0.15,0.49,3,3,3,3
3021.1025390625,206.5,11.375,-0.625,1.57,-0.15,0.49,3,3,3,3
3028.13818359375,206.4375,11.3125,-0.5625,1.33,-0.46,0.55,3,3,3,3
3036.35400390625,206.4375,11.3125,-0.5625,0.85,0.04,0.21,3,3,3,3
3045.065185546875,206.3125,11.3125,-0.625,1.36,-0.09,0.53,3,3,3,3
3049.978515625,206.1875,11.25,-0.625,1.36,-0.09,0.53,3,3,3,3
3066.293701171875,206.0625,11.1875,-0.5625,1.16,-0.09,0.43,3,3,3,3
3075.486572265625,205.9375,11.125,-0.5625,1.05,-0.48,0.2,3,3,3,3
3080.990234375,205.75,11.1875,-0.5,1.05,-0.48,0.2,3,3,3,3
3088.2216796875,205.625,11.0,-0.4375,1.1,-0.75,0.16,3,3,3,3
3096.580322265625,205.625,11.0,-0.4375,1.01,-0.64,0.12,3,3,3,3
3108.9501953125,205.4375,10.875,-0.5,0.55,-0.04,-0.32,3,3,3,3
3117.193359375,205.25,10.6875,-0.5625,-0.03,-0.49,-0.4,3,3,3,3
3125.208251953125,205.0625,10.5,-0.5625,0.06,-0.63,-0.21,3,3,3,3
3130.22265625,204.875,10.3125,-0.5625,0.06,-0.63,-0.21,3,3,3,3
3138.563232421875,204.6875,10.25,-0.5625,0.14,-0.32,-0.14,3,3,3,3
3146.89794921875,204.6875,10.25,-0.5625,0.31,-0.09,0.02,3,3,3,3
3159.216064453125,204.5,10.125,-0.625,0.04,-0.22,0.12,3,3,3,3
3167.890625,204.3125,10.0,-0.625,0.19,-0.04,0.11,3,3,3,3
3177.1865234375,204.1875,9.875,-0.625,0.28,0.07,0.08,3,3,3,3
3185.638671875,204.0,9.8125,-0.6875,0.23,-0.21,-0.05,3,3,3,3
3190.58056640625,203.75,9.6875,-0.625,0.23,-0.21,-0.05,3,3,3,3
3199.619873046875,203.5625,9.625,-0.625,0.11,-0.33,0.0,3,3,3,3
3215.572021484375,203.5625,9.625,-0.625,0.7,-0.37,0.39,3,3,3,3
3221.73876953125,203.125,9.5625,-0.5625,0.7,-0.37,0.39,3,3,3,3
3228.99462890625,202.9375,9.4375,-0.5625,0.55,-0.58,0.48,3,3,3,3
3237.2490234375,202.9375,9.4375,-0.5625,0.3,0.18,0.16,3,3,3,3
3245.924072265625,202.75,9.375,-0.5625,0.28,0.08,0.16,3,3,3,3
3250.873291015625,202.5,9.25,-0.625,0.28,0.08,0.16,3,3,3,3
3265.83984375,202.3125,9.1875,-0.5625,0.1,-0.01,0.09,3,3,3,3
3272.044921875,202.0,9.0625,-0.5625,0.1,-0.01,0.09,3,3,3,3
3279.1533203125,201.8125,9.0,-0.5,0.26,-0.24,0.19,3,3,3,3
3287.43359375,201.8125,9.0,-0.5,0.13,-0.63,0.09,3,3,3,3
3296.138916015625,201.5,8.9375,-0.375,0.25,-0.82,0.23,3,3,3,3
3301.0732421875,201.25,8.8125,-0.25,0.25,-0.82,0.23,3,3,3,3
3316.34716796875,201.0,8.75,-0.25,0.42,-0.11,0.4,3,3,3,3
3322.589599609375,200.8125,8.6875,-0.25,0.42,-0.11,0.4,3,3,3,3
3329.57177734375,200.625,8.5625,-0.1875,0.14,-0.12,0.4,3,3,3,3
3337.555908203125,200.625,8.5625,-0.1875,-0.35,0.19,0.02,3,3,3,3
3346.357421875,200.375,8.4375,-0.1875,0.01,0.15,0.24,3,3,3,3
3351.27294921875,200.125,8.3125,-0.1875,0.01,0.15,0.24,3,3,3,3
3366.205078125,199.875,8.25,-0.125,0.19,-0.37,0.37,3,3,3,3
3372.3984375,199.625,8.1875,0.0,0.19,-0.37,0.37,3,3,3,3
3380.308349609375,199.4375,8.0625,0.0,0.12,-0.27,0.46,3,3,3,3
3388.80615234375,199.4375,8.0625,0.0,0.03,0.29,0.35,3,3,3,3
3396.42138671875,199.1875,8.0,0.0,-0.11,0.35,0.28,3,3,3,3
3401.327880859375,199.0,7.875,0.0,-0.11,0.35,0.28,3,3,3,3
3416.42138671875,198.75,7.8125,0.0625,0.0,-0.09,0.11,3,3,3,3
3422.608642578125,198.5625,7.75,0.125,0.0,-0.09,0.11,3,3,3,3
3429.60498046875,198.3125,7.6875,0.1875,0.22,-0.23,0.08,3,3,3,3
3438.08056640625,198.3125,7.6875,0.1875,0.24,-0.22,0.02,3,3,3,3
3446.802490234375,198.0625,7.625,0.25,0.03,-0.11,-0.13,3,3,3,3
3451.720703125,197.875,7.5625,0.25,0.03,-0.11,-0.13,3,3,3,3
3466.98046875,197.6875,7.4375,0.3125,0.01,-0.03,0.12,3,3,3,3
3473.2275390625,197.5,7.375,0.375,0.01,-0.03,0.12,3,3,3,3
3480.351318359375,197.25,7.3125,0.375,0.18,0.28,0.29,3,3,3,3
3488.389892578125,197.25,7.3125,0.375,0.22,0.39,0.23,3,3,3,3
3497.009765625,197.0625,7.25,0.4375,0.13,0.12,0.33,3,3,3,3
3502.02001953125,196.8125,7.125,0.5,0.13,0.12,0.33,3,3,3,3
3516.8310546875,196.625,7.0,0.5625,-0.24,0.34,-0.14,3,3,3,3
3523.0087890625,196.4375,6.875,0.625,-0.24,0.34,-0.14,3,3,3,3
3530.00927734375,196.1875,6.8125,0.6875,-0.24,0.29,-0.23,3,3,3,3
3538.62744140625,196.1875,6.8125,0.6875,-0.19,-0.26,-0.19,3,3,3,3
3547.1875,195.9375,6.75,0.8125,-0.04,0.07,-0.02,3,3,3,3
3552.10791015625,195.6875,6.75,0.9375,-0.04,0.07,-0.02,3,3,3,3
3569.42822265625,195.375,6.75,0.9375,0.05,0.34,0.17,3,3,3,3
3577.5625,195.1875,6.75,1.0,-0.02,0.26,0.04,3,3,3,3
3587.371337890625,195.0,6.6875,1.0625,-0.35,0.45,-0.25,3,3,3,3
3592.288330078125,194.8125,6.625,1.0625,-0.35,0.45,-0.25,3,3,3,3
3600.487060546875,194.625,6.625,1.125,-0.02,0.3,-0.09,3,3,3,3
3613.02392578125,194.625,6.625,1.125,0.45,-0.2,0.15,3,3,3,3
3621.99365234375,194.25,6.625,1.3125,0.47,-0.18,0.1,3,3,3,3
3630.969482421875,194.0625,6.625,1.375,0.39,-0.19,0.0,3,3,3,3
3638.9638671875,194.0625,6.625,1.375,0.23,-0.34,-0.17,3,3,3,3
3647.621826171875,193.8125,6.625,1.4375,0.64,-0.31,0.09,3,3,3,3
3652.53173828125,193.625,6.625,1.4375,0.64,-0.31,0.09,3,3,3,3
3667.49951171875,193.4375,6.625,1.4375,0.1,0.18,-0.18,3,3,3,3
3673.662841796875,193.1875,6.5625,1.4375,0.1,0.18,-0.18,3,3,3,3
3680.672119140625,192.9375,6.5625,1.4375,0.12,0.17,-0.13,3,3,3,3
3689.215087890625,192.9375,6.5625,1.4375,0.88,-0.07,0.19,3,3,3,3
3697.85546875,192.6875,6.5625,1.5,0.94,-0.19,0.27,3,3,3,3
3702.82080078125,192.4375,6.5625,1.5625,0.94,-0.19,0.27,3,3,3,3
3718.0234375,192.1875,6.5625,1.625,0.64,-0.26,-0.01,3,3,3,3
3724.259765625,191.9375,6.5,1.625,0.64,-0.26,-0.01,3,3,3,3
3731.36474609375,191.6875,6.375,1.625,0.23,-0.38,-0.5,3,3,3,3
3739.398681640625,191.6875,6.375,1.625,0.36,-0.26,-0.83,3,3,3,3
3748.098876953125,191.4375,6.3125,1.625,0.15,-0.16,-1.14,3,3,3,3
3753.11376953125,191.1875,6.25,1.625,0.15,-0.16,-1.14,3,3,3,3
3767.8779296875,190.875,6.1875,1.5625,0.51,0.15,-0.53,3,3,3,3
3774.08642578125,190.625,6.1875,1.5625,0.51,0.15,-0.53,3,3,3,3
3781.35693359375,190.375,6.25,1.5625,0.53,0.24,-0.44,3,3,3,3
3789.5849609375,190.375,6.25,1.5625,0.17,0.0,-0.67,3,3,3,3
3798.306884765625,190.0625,6.3125,1.5,0.67,-0.25,-0.36,3,3,3,3
3803.336181640625,189.8125,6.375,1.5,0.67,-0.25,-0.36,3,3,3,3
3818.4296875,189.5625,6.4375,1.4375,0.64,-0.31,-0.27,3,3,3,3
3824.657958984375,189.25,6.4375,1.375,0.64,-0.31,-0.27,3,3,3,3
3831.68017578125,189.0,6.5,1.25,0.17,-0.1,-0.39,3,3,3,3
3840.580078125,189.0,6.5,1.25,0.58,0.19,-0.34,3,3,3,3
3848.505859375,188.75,6.5625,1.125,0.59,-0.12,-0.03,3,3,3,3
3853.4638671875,188.5,6.625,1.0625,0.59,-0.12,-0.03,3,3,3,3
3868.915771484375,188.3125,6.6875,0.9375,-0.27,0.26,0.0,3,3,3,3
3878.927001953125,188.0625,6.6875,0.875,0.37,0.81,0.22,3,3,3,3
3884.3134765625,187.8125,6.75,0.6875,0.37,0.81,0.22,3,3,3,3
3891.740966796875,187.5625,6.8125,0.625,0.3,0.63,0.06,3,3,3,3
3900.09375,187.5625,6.8125,0.625,0.32,0.03,0.14,3,3,3,3
3912.407958984375,187.375,6.8125,0.5625,-0.02,-0.05,0.27,3,3,3,3
3920.710205078125,187.125,6.875,0.5625,-0.39,0.61,0.22,3,3,3,3
3928.6201171875,186.9375,6.875,0.5,-0.54,1.19,0.14,3,3,3,3
3933.534912109375,186.6875,6.875,0.4375,-0.54,1.19,0.14,3,3,3,3
3941.931884765625,186.5,6.875,0.3125,-0.66,1.15,-0.02,3,3,3,3
3950.314453125,186.5,6.875,0.3125,-0.55,0.27,0.18,3,3,3,3
3961.840087890625,186.25,6.9375,0.375,-0.39,0.12,0.07,3,3,3,3
3971.33935546875,186.0,7.0,0.5,-0.06,0.0,-0.02,3,3,3,3
3980.457763671875,185.75,7.0625,0.5,0.12,-0.25,-0.03,3,3,3,3
3989.108154296875,185.5625,7.125,0.5,-0.31,-0.19,-0.43,3,3,3,3
3994.071533203125,185.375,7.1875,0.5,-0.31,-0.19,-0.43,3,3,3,3
4002.1865234375,185.1875,7.1875,0.5625,-0.19,0.17,-0.16,3,3,3,3
4013.982177734375,185.1875,7.1875,0.5625,0.14,0.37,0.24,3,3,3,3
4023.01708984375,184.8125,7.1875,0.5625,0.16,0.66,0.47,3,3,3,3
4030.57080078125,184.8125,7.1875,0.5625,0.29,0.83,0.67,3,3,3,3
4039.358154296875,184.6875,7.1875,0.625,0.01,0.62,0.4,3,3,3,3
4044.322998046875,184.5,7.0625,0.75,0.01,0.62,0.4,3,3,3,3
4052.436279296875,184.3125,6.9375,0.875,-0.5,0.09,0.03,3,3,3,3
4063.716796875,184.3125,6.9375,0.875,-0.95,-0.24,0.03,3,3,3,3
4073.754150390625,183.875,7.0,1.125,-0.51,0.62,0.42,3,3,3,3
4082.2822265625,183.6875,7.0625,1.125,-0.5,0.86,0.57,3,3,3,3
4090.979736328125,183.6875,7.0625,1.125,-0.19,0.76,0.79,3,3,3,3
4099.5869140625,183.5,7.125,1.1875,-0.48,0.56,0.42,3,3,3,3
4104.496826171875,183.375,7.1875,1.1875,-0.48,0.56,0.42,3,3,3,3
4119.414794921875,183.1875,7.25,1.1875,-0.39,-0.14,0.07,3,3,3,3
4125.585693359375,183.0625,7.3125,1.1875,-0.39,-0.14,0.07,3,3,3,3
4132.671630859375,182.875,7.4375,1.25,-0.23,-0.25,0.17,3,3,3,3
4141.164306640625,182.875,7.4375,1.25,-0.12,0.19,0.66,3,3,3,3
4149.78515625,182.75,7.5,1.1875,0.0,0.66,0.83,3,3,3,3
4154.716552734375,182.5625,7.5625,1.1875,0.0,0.66,0.83,3,3,3,3
4169.75439453125,182.375,7.625,1.125,-0.86,1.34,0.43,3,3,3,3
4175.824951171875,182.25,7.625,1.125,-0.86,1.34,0.43,3,3,3,3
4182.794677734375,182.125,7.625,1.1875,-1.08,0.86,0.31,3,3,3,3
4191.347412109375,182.125,7.625,1.1875,-1.01,0.89,0.05,3,3,3,3
4199.9892578125,182.0625,7.625,1.25,-1.22,0.68,-0.22,3,3,3,3
4204.9521484375,181.9375,7.6875,1.375,-1.22,0.68,-0.22,3,3,3,3
4220.45068359375,181.875,7.8125,1.5,-0.09,-0.42,-0.15,3,3,3,3
4230.010009765625,181.75,7.9375,1.625,-0.23,-0.55,-0.06,3,3,3,3
4234.982421875,181.625,8.125,1.75,-0.23,-0.55,-0.06,3,3,3,3
4243.126708984375,181.5,8.25,1.8125,0.05,-0.3,0.16,3,3,3,3
4251.69091796875,181.5,8.25,1.8125,0.45,0.18,0.46,3,3,3,3
4263.146728515625,181.4375,8.4375,1.875,0.4,-0.23,0.67,3,3,3,3
4272.4453125,181.3125,8.5,1.875,0.82,-0.29,0.78,3,3,3,3
4280.33447265625,181.25,8.5,1.9375,0.63,-0.17,0.39,3,3,3,3
4285.24462890625,181.1875,8.5,1.9375,0.63,-0.17,0.39,3,3,3,3
4293.4833984375,181.125,8.4375,1.9375,-1.36,-0.17,-0.88,3,3,3,3
4301.787353515625,181.125,8.4375,1.9375,-1.41,-0.31,-0.8,3,3,3,3
4313.345458984375,181.0625,8.4375,1.9375,-0.8,-0.37,-0.36,3,3,3,3
4323.0439453125,180.9375,8.5625,1.9375,-0.22,-0.27,-0.07,3,3,3,3
4332.03564453125,180.8125,8.75,2.0,0.19,-0.45,0.57,3,3,3,3
4340.59130859375,180.625,8.875,2.0,-0.26,-0.09,0.12,3,3,3,3
4345.49853515625,180.5,8.9375,2.0,-0.26,-0.09,0.12,3,3,3,3
4353.83154296875,180.375,9.0625,2.0625,-0.63,-0.14,-0.27,3,3,3,3
4365.741455078125,180.375,9.0625,2.0625,-0.49,-0.6,-0.2,3,3,3,3
4374.7783203125,179.9375,9.3125,2.1875,0.16,-0.85,0.36,3,3,3,3
4382.16357421875,179.9375,9.3125,2.1875,0.31,-0.41,0.5,3,3,3,3
4390.8779296875,179.6875,9.4375,2.1875,-0.18,-0.15,0.26,3,3,3,3
4395.801513671875,179.5,9.5,2.125,-0.18,-0.15,0.26,3,3,3,3
4403.9384765625,179.25,9.5625,2.0625,-0.93,0.31,-0.05,3,3,3,3
4415.40771484375,179.25,9.5625,2.0625,-0.53,0.0,0.07,3,3,3,3
4425.4580078125,178.875,9.6875,2.0625,-0.64,-0.45,-0.07,3,3,3,3
4434.17822265625,178.6875,9.6875,2.0625,-1.04,-0.57,-0.32,3,3,3,3
4442.43603515625,178.6875,9.6875,2.0625,-0.33,-0.31,-0.12,3,3,3,3
4451.125,178.4375,9.8125,2.0,-0.57,-0.38,-0.09,3,3,3,3
4456.046630859375,178.1875,9.9375,2.0,-0.57,-0.38,-0.09,3,3,3,3
4470.99462890625,177.9375,10.0625,1.9375,-0.39,-0.6,0.26,3,3,3,3
4477.1982421875,177.6875,10.1875,1.875,-0.39,-0.6,0.26,3,3,3,3
4484.18408203125,177.375,10.3125,1.8125,-0.38,0.61,0.3,3,3,3,3
4492.64453125,177.375,10.3125,1.8125,-0.45,0.42,0.15,3,3,3,3
4501.348388671875,177.125,10.4375,1.75,-0.59,-0.05,0.17,3,3,3,3
4506.262939453125,176.875,10.5,1.6875,-0.59,-0.05,0.17,3,3,3,3
4517.742431640625,176.625,10.5625,1.625,-0.57,-0.14,0.14,3,3,3,3
4525.77490234375,176.375,10.625,1.5625,-0.5,-0.4,-0.23,3,3,3,3
4534.6005859375,176.125,10.6875,1.5625,-0.46,-0.86,0.01,3,3,3,3
4542.90869140625,176.125,10.6875,1.5625,-0.26,-0.38,0.28,3,3,3,3
4551.5556640625,175.8125,10.8125,1.4375,-0.05,0.44,0.35,3,3,3,3
4556.471923828125,175.5,10.9375,1.375,-0.05,0.44,0.35,3,3,3,3
4571.33349609375,175.25,11.0,1.25,-0.5,0.12,0.49,3,3,3,3
4577.5615234375,174.9375,11.0625,1.25,-0.5,0.12,0.49,3,3,3,3
4584.5283203125,174.625,11.1875,1.1875,-0.18,0.14,0.5,3,3,3,3
4593.070068359375,174.625,11.1875,1.1875,-0.25,0.02,0.2,3,3,3,3
4601.769775390625,174.375,11.25,1.125,-0.79,0.15,0.08,3,3,3,3
4606.70458984375,174.125,11.25,1.0625,-0.79,0.15,0.08,3,3,3,3
4621.939453125,173.875,11.25,0.9375,-1.18,0.9,-0.1,3,3,3,3
4627.820556640625,173.625,11.25,0.875,-1.18,0.9,-0.1,3,3,3,3
4635.001220703125,173.375,11.3125,0.8125,-1.25,0.22,-0.15,3,3,3,3
4643.301025390625,173.375,11.3125,0.8125,-0.73,-0.2,-0.06,3,3,3,3
4651.984619140625,173.125,11.4375,0.875,-0.59,-0.19,0.06,3,3,3,3
4656.93310546875,172.875,11.5625,0.875,-0.59,-0.19,0.06,3,3,3,3
4671.788330078125,172.625,11.75,0.8125,-0.52,0.14,0.2,3,3,3,3
4678.021240234375,172.4375,11.875,0.75,-0.52,0.14,0.2,3,3,3,3
4684.945068359375,172.1875,11.9375,0.6875,-0.56,0.02,0.21,3,3,3,3
4693.558349609375,172.1875,11.9375,0.6875,-0.02,0.19,0.22,3,3,3,3
4702.248779296875,172.0,12.0625,0.5625,-0.05,0.34,0.23,3,3,3,3
4707.20556640625,171.8125,12.1875,0.5,-0.05,0.34,0.23,3,3,3,3
4718.57177734375,171.5625,12.3125,0.375,-0.42,0.34,0.11,3,3,3,3
4726.60400390625,171.375,12.4375,0.3125,-0.31,0.34,0.15,3,3,3,3
4735.435546875,171.125,12.5625,0.25,0.0,0.3,0.34,3,3,3,3
4743.751953125,171.125,12.5625,0.25,0.25,0.49,0.31,3,3,3,3
4752.47607421875,170.9375,12.75,0.1875,0.48,0.28,0.39,3,3,3,3
4757.451171875,170.6875,12.875,0.1875,0.48,0.28,0.39,3,3,3,3
4772.238525390625,170.4375,13.0,0.125,0.43,-0.07,0.35,3,3,3,3
4778.498046875,170.25,13.0625,0.125,0.43,-0.07,0.35,3,3,3,3
4785.46728515625,170.0,13.125,0.0625,0.29,-0.05,0.24,3,3,3,3
4793.9853515625,170.0,13.125,0.0625,0.3,0.07,0.11,3,3,3,3
4802.70458984375,169.8125,13.1875,0.0,0.35,0.18,0.16,3,3,3,3
4807.651123046875,169.625,13.1875,-0.0625,0.35,0.18,0.16,3,3,3,3
4823.723876953125,169.375,13.25,-0.1875,0.2,0.03,0.12,3,3,3,3
4833.815673828125,169.1875,13.3125,-0.25,-0.06,0.17,0.1,3,3,3,3
4843.708740234375,168.875,13.3125,-0.375,0.07,0.4,0.13,3,3,3,3
4848.587890625,168.625,13.375,-0.4375,0.07,0.4,0.13,3,3,3,3
4855.937255859375,168.375,13.5,-0.5,0.4,0.49,0.39,3,3,3,3
4867.514404296875,168.375,13.5,-0.5,0.6,0.12,0.61,3,3,3,3
4877.559326171875,167.8125,13.625,-0.625,0.64,-0.02,0.68,3,3,3,3
4886.0107421875,167.5,13.625,-0.6875,0.59,-0.05,0.66,3,3,3,3
4894.592041015625,167.5,13.625,-0.6875,0.29,0.26,0.31,3,3,3,3
4903.103271484375,167.25,13.625,-0.75,-0.3,0.0,-0.01,3,3,3,3
4908.0283203125,166.9375,13.5625,-0.875,-0.3,0.0,-0.01,3,3,3,3
4923.038818359375,166.625,13.5625,-0.875,-0.58,0.36,-0.01,3,3,3,3
4929.14208984375,166.3125,13.5625,-1.0,-0.58,0.36,-0.01,3,3,3,3
4936.287841796875,166.0,13.5625,-1.0625,-0.39,0.85,0.07,3,3,3,3
4944.60791015625,166.0,13.5625,-1.0625,-0.43,0.59,0.03,3,3,3,3
4953.414306640625,165.75,13.625,-1.1875,-0.2,0.38,0.23,3,3,3,3
4958.371337890625,165.4375,13.6875,-1.1875,-0.2,0.38,0.23,3,3,3,3
4973.737060546875,165.0625,13.8125,-1.1875,0.79,0.15,0.81,3,3,3,3
4983.309326171875,164.75,13.875,-1.1875,0.61,0.1,0.83,3,3,3,3
4988.23876953125,164.4375,13.9375,-1.1875,0.61,0.1,0.83,3,3,3,3
4996.60400390625,164.125,13.9375,-1.25,0.84,0.37,0.67,3,3,3,3
5004.93994140625,164.125,13.9375,-1.25,0.63,0.28,0.45,3,3,3,3
5016.64990234375,163.8125,13.9375,-1.3125,-0.46,0.11,0.06,3,3,3,3
5025.577880859375,163.5,13.8125,-1.3125,-0.61,0.9,-0.18,3,3,3,3
5033.65576171875,163.1875,13.75,-1.4375,-0.49,1.01,-0.21,3,3,3,3
5038.617919921875,162.875,13.6875,-1.5625,-0.49,1.01,-0.21,3,3,3,3
5046.73388671875,162.5625,13.625,-1.625,-0.49,0.31,-0.12,3,3,3,3
5055.293212890625,162.5625,13.625,-1.625,-0.57,0.84,-0.12,3,3,3,3
5066.761962890625,162.25,13.625,-1.6875,-0.2,1.0,-0.06,3,3,3,3
5076.55029296875,161.9375,13.5625,-1.8125,0.02,0.48,0.01,3,3,3,3
5085.341796875,161.625,13.5625,-1.875,0.03,0.38,0.0,3,3,3,3
5094.021240234375,161.375,13.5,-1.9375,-0.05,0.65,-0.15,3,3,3,3
5098.9921875,161.0625,13.4375,-2.0625,-0.05,0.65,-0.15,3,3,3,3
5107.107177734375,160.8125,13.3125,-2.1875,-0.44,0.59,-0.16,3,3,3,3
5119.083740234375,160.8125,13.3125,-2.1875,-0.96,0.64,-0.32,3,3,3,3
5127.995361328125,160.3125,13.0625,-2.375,-1.02,0.48,-0.39,3,3,3,3
5135.414306640625,160.3125,13.0625,-2.375,-1.0,0.63,-0.35,3,3,3,3
5144.34521484375,160.0625,13.0,-2.5,-0.74,0.61,-0.2,3,3,3,3
5149.821533203125,159.8125,13.0,-2.625,-0.74,0.61,-0.2,3,3,3,3
5157.28662109375,159.625,12.9375,-2.75,-0.52,0.31,-0.13,3,3,3,3
5168.647705078125,159.625,12.9375,-2.75,-0.3,-0.03,0.02,3,3,3,3
5178.675537109375,159.1875,13.0,-3.0,-0.22,0.27,0.04,3,3,3,3
5187.3466796875,158.9375,13.0,-3.1875,-0.37,0.63,0.04,3,3,3,3
5195.911376953125,158.9375,13.0,-3.1875,-0.44,0.72,0.01,3,3,3,3
5204.482421875,158.75,13.0,-3.3125,-0.13,0.69,0.39,3,3,3,3
5209.4267578125,158.5625,13.0625,-3.4375,-0.13,0.69,0.39,3,3,3,3
5224.314208984375,158.375,13.125,-3.625,0.03,0.31,0.42,3,3,3,3
5230.54736328125,158.25,13.125,-3.75,0.03,0.31,0.42,3,3,3,3
5237.64013671875,158.0625,13.125,-3.875,0.29,0.07,0.29,3,3,3,3
5245.908935546875,158.0625,13.125,-3.875,0.4,0.06,0.22,3,3,3,3
5254.7236328125,157.9375,13.125,-3.9375,0.12,0.05,0.07,3,3,3,3
5259.67431640625,157.75,13.1875,-4.0625,0.12,0.05,0.07,3,3,3,3
5274.86572265625,157.625,13.1875,-4.125,0.21,0.47,0.49,3,3,3,3
5280.957763671875,157.4375,13.1875,-4.25,0.21,0.47,0.49,3,3,3,3
5287.882568359375,157.25,13.1875,-4.3125,0.36,0.49,0.6,3,3,3,3
5296.25244140625,157.25,13.1875,-4.3125,0.26,0.44,0.51,3,3,3,3
5304.977294921875,157.0625,13.1875,-4.4375,0.15,0.31,0.32,3,3,3,3
5309.898681640625,156.875,13.1875,-4.5,0.15,0.31,0.32,3,3,3,3
5325.469970703125,156.75,13.125,-4.5625,0.21,0.0,0.03,3,3,3,3
5335.02685546875,156.5625,13.125,-4.625,0.23,0.02,0.04,3,3,3,3
5339.974365234375,156.375,13.0625,-4.75,0.23,0.02,0.04,3,3,3,3
5348.197021484375,156.1875,13.0625,-4.8125,0.35,0.06,0.09,3,3,3,3
5356.534423828125,156.1875,13.0625,-4.8125,1.04,0.04,0.34,3,3,3,3
5368.133544921875,156.0625,13.0,-4.9375,0.78,-0.41,0.18,3,3,3,3
5377.565673828125,155.9375,12.9375,-5.0625,0.22,-0.61,-0.13,3,3,3,3
5386.6171875,155.75,12.8125,-5.1875,0.18,-0.35,-0.17,3,3,3,3
5395.386962890625,155.5625,12.6875,-5.3125,-0.1,0.19,-0.5,3,3,3,3
5400.43408203125,155.375,12.625,-5.5,-0.1,0.19,-0.5,3,3,3,3
5408.458740234375,155.125,12.5,-5.625,-0.39,0.03,-0.47,3,3,3,3
5420.097900390625,155.125,12.5,-5.625,-0.07,0.19,-0.33,3,3,3,3
5430.134765625,154.6875,12.375,-5.8125,0.26,-0.1,-0.02,3,3,3,3
5438.716796875,154.4375,12.375,-5.9375,0.31,0.03,0.0,3,3,3,3
5446.980712890625,154.4375,12.375,-5.9375,0.57,0.09,-0.02,3,3,3,3
5455.693359375,154.25,12.3125,-6.0625,0.39,-0.21,-0.1,3,3,3,3
5460.630859375,154.0,12.25,-6.1875,0.39,-0.21,-0.1,3,3,3,3
5476.517333984375,153.8125,12.1875,-6.3125,0.47,0.08,0.07,3,3,3,3
5486.553466796875,153.5625,12.125,-6.5,0.43,-0.19,0.26,3,3,3,3
5491.558349609375,153.3125,12.125,-6.6875,0.43,-0.19,0.26,3,3,3,3
5499.790283203125,153.0625,12.125,-6.875,0.29,-0.22,0.19,3,3,3,3
5507.237548828125,153.0625,12.125,-6.875,-0.03,0.35,-0.04,3,3,3,3
5518.83740234375,152.8125,12.0625,-7.0,0.01,0.19,0.05,3,3,3,3
5528.26904296875,152.5,12.0625,-7.125,0.32,-0.05,0.26,3,3,3,3
5537.48388671875,152.1875,12.0625,-7.25,0.84,-0.18,0.58,3,3,3,3
5546.054931640625,151.875,12.0,-7.375,1.02,0.19,0.75,3,3,3,3
5550.974365234375,151.5625,11.9375,-7.5,1.02,0.19,0.75,3,3,3,3
5559.119873046875,151.1875,11.8125,-7.625,0.77,0.01,0.68,3,3,3,3
5571.0029296875,151.1875,11.8125,-7.625,0.49,0.02,0.56,3,3,3,3
5580.029541015625,150.5,11.5625,-8.0,0.53,0.18,0.31,3,3,3,3
5588.666015625,150.5,11.5625,-8.0,0.58,-0.38,0.26,3,3,3,3
5597.59619140625,150.125,11.375,-8.125,1.01,-0.83,0.18,3,3,3,3
5606.386474609375,149.625,11.25,-8.25,1.82,-1.06,0.15,3,3,3,3
5611.348388671875,149.125,11.0625,-8.5,1.82,-1.06,0.15,3,3,3,3
5626.51025390625,148.5,10.875,-8.75,3.18,0.5,1.8,3,3,3,3
5632.754150390625,147.875,10.5,-9.125,3.18,0.5,1.8,3,3,3,3
5639.749267578125,147.125,10.0,-9.5,2.44,1.14,1.3,3,3,3,3
5647.933837890625,147.125,10.0,-9.5,1.78,0.99,0.69,3,3,3,3
5656.609130859375,146.375,9.5,-9.75,0.24,1.24,-0.24,3,3,3,3
5661.520751953125,145.625,8.9375,-10.0,0.24,1.24,-0.24,3,3,3,3
5676.43115234375,144.875,8.5,-10.3125,0.25,1.08,-0.48,3,3,3,3
5682.638916015625,144.25,8.0,-10.6875,0.25,1.08,-0.48,3,3,3,3
5689.654541015625,143.6875,7.625,-11.1875,0.06,0.89,-0.48,3,3,3,3
5698.189453125,143.6875,7.625,-11.1875,-0.26,1.45,-0.56,3,3,3,3
5706.8291015625,143.0625,7.25,-11.625,-0.5,1.57,-0.63,3,3,3,3
5711.7431640625,142.4375,7.0,-12.0625,-0.5,1.57,-0.63,3,3,3,3
5726.775390625,141.6875,6.875,-12.375,0.08,1.93,-0.56,3,3,3,3
5733.014892578125,140.9375,6.875,-12.6875,0.08,1.93,-0.56,3,3,3,3
5740.004638671875,140.1875,6.875,-12.875,0.43,1.43,-0.34,3,3,3,3
5748.3828125,140.1875,6.875,-12.875,0.96,0.92,-0.25,3,3,3,3
5757.072998046875,139.375,6.875,-12.9375,0.72,0.81,-0.38,3,3,3,3
5762.051513671875,138.5625,6.875,-13.0625,0.72,0.81,-0.38,3,3,3,3
5777.3515625,137.8125,6.8125,-13.25,0.0,1.01,-0.78,3,3,3,3
5783.55859375,137.0625,6.75,-13.4375,0.0,1.01,-0.78,3,3,3,3
5790.583984375,136.3125,6.6875,-13.625,0.02,1.03,-0.94,3,3,3,3
5798.6318359375,136.3125,6.6875,-13.625,-0.21,1.2,-1.03,3,3,3,3
5807.326904296875,135.625,6.5625,-13.75,-0.31,1.19,-0.89,3,3,3,3
5812.265869140625,134.9375,6.5,-13.9375,-0.31,1.19,-0.89,3,3,3,3
5827.155029296875,134.3125,6.375,-14.0625,0.11,0.67,-0.89,3,3,3,3
5833.347900390625,133.625,6.3125,-14.125,0.11,0.67,-0.89,3,3,3,3
5840.42236328125,133.0,6.3125,-14.25,0.06,0.25,-0.84,3,3,3,3
5848.734375,133.0,6.3125,-14.25,0.66,0.92,-0.8,3,3,3,3
5857.544677734375,132.4375,6.3125,-14.375,0.68,0.88,-0.7,3,3,3,3
5862.4697265625,131.8125,6.25,-14.5625,0.68,0.88,-0.7,3,3,3,3
5877.548828125,131.3125,6.25,-14.6875,1.22,0.58,-0.33,3,3,3,3
5883.7470703125,130.8125,6.1875,-14.875,1.22,0.58,-0.33,3,3,3,3
5890.805908203125,130.3125,6.0625,-15.0625,1.72,0.68,-0.02,3,3,3,3
5899.09375,130.3125,6.0625,-15.0625,2.69,0.64,0.48,3,3,3,3
5907.768310546875,129.875,5.9375,-15.3125,2.75,0.85,0.46,3,3,3,3
5912.743408203125,129.4375,5.625,-15.5625,2.75,0.85,0.46,3,3,3,3
5928.14208984375,128.9375,5.3125,-15.75,0.4,0.35,-0.56,3,3,3,3
5938.340576171875,128.375,4.9375,-15.875,-0.59,1.38,-0.99,3,3,3,3
5943.710693359375,127.8125,4.625,-16.0625,-0.59,1.38,-0.99,3,3,3,3
5950.983642578125,127.3125,4.4375,-16.125,-0.81,1.59,-1.04,3,3,3,3
5959.345703125,127.3125,4.4375,-16.125,-1.49,1.97,-0.68,3,3,3,3
5971.664306640625,126.8125,4.25,-16.25,-1.17,2.08,-0.55,3,3,3,3
5979.94384765625,126.375,4.1875,-16.3125,-1.26,1.34,-0.53,3,3,3,3
5987.8818359375,125.9375,4.125,-16.3125,-1.21,0.8,-0.38,3,3,3,3
5992.930419921875,125.5625,4.125,-16.3125,-1.21,0.8,-0.38,3,3,3,3
6001.306884765625,125.1875,4.1875,-16.3125,0.51,0.74,0.46,3,3,3,3
6009.65771484375,125.1875,4.1875,-16.3125,0.55,0.92,0.53,3,3,3,3
6021.890625,124.8125,4.1875,-16.375,0.42,1.03,0.36,3,3,3,3
6030.537109375,124.5,4.125,-16.4375,0.18,0.31,0.49,3,3,3,3
6039.8720703125,124.1875,4.0,-16.4375,-0.42,1.27,0.22,3,3,3,3
6048.337158203125,123.875,3.875,-16.5,-0.8,1.39,0.02,3,3,3,3
6053.325927734375,123.5,3.75,-16.4375,-0.8,1.39,0.02,3,3,3,3
6061.521728515625,123.125,3.6875,-16.375,-0.64,0.96,0.1,3,3,3,3
6074.419921875,123.125,3.6875,-16.375,0.0,0.31,0.32,3,3,3,3
6082.247314453125,122.3125,3.625,-16.125,0.3,0.35,0.27,3,3,3,3
6090.087158203125,122.3125,3.625,-16.125,-0.02,0.39,0.02,3,3,3,3
6098.589111328125,121.875,3.5625,-16.0,-0.15,0.3,0.0,3,3,3,3
6103.58251953125,121.4375,3.5625,-15.9375,-0.15,0.3,0.0,3,3,3,3
6111.690185546875,121.0625,3.5,-15.875,-0.83,1.14,-0.39,3,3,3,3
6124.0029296875,121.0625,3.5,-15.875,-0.44,0.73,-0.08,3,3,3,3
6132.869384765625,120.375,3.5,-15.75,0.15,0.71,0.27,3,3,3,3
6141.94873046875,120.125,3.5,-15.6875,0.59,0.66,0.64,3,3,3,3
6150.2353515625,120.125,3.5,-15.6875,0.25,0.12,0.24,3,3,3,3
6158.862548828125,119.8125,3.5,-15.625,0.05,0.66,0.15,3,3,3,3
6163.835693359375,119.4375,3.5,-15.5,0.05,0.66,0.15,3,3,3,3
6178.70947265625,119.0625,3.5,-15.375,0.07,1.88,0.19,3,3,3,3
6184.69140625,118.625,3.5625,-15.1875,0.07,1.88,0.19,3,3,3,3
6192.164306640625,118.25,3.625,-14.9375,0.18,0.88,0.32,3,3,3,3
6200.48681640625,118.25,3.625,-14.9375,0.31,0.47,0.11,3,3,3,3
6209.15283203125,117.9375,3.625,-14.625,0.54,0.59,0.03,3,3,3,3
6214.1015625,117.5625,3.625,-14.3125,0.54,0.59,0.03,3,3,3,3
6229.009033203125,117.25,3.5625,-14.0,1.31,0.56,0.32,3,3,3,3
6235.196533203125,116.875,3.5,-13.5625,1.31,0.56,0.32,3,3,3,3
6242.240234375,116.5625,3.5,-13.125,1.62,1.55,0.76,3,3,3,3
6250.56494140625,116.5625,3.5,-13.125,2.14,2.79,0.9,3,3,3,3
6259.34521484375,116.1875,3.4375,-12.625,1.93,0.84,1.03,3,3,3,3
6264.269287109375,115.8125,3.25,-11.875,1.93,0.84,1.03,3,3,3,3
6279.562744140625,115.375,3.0,-11.0,0.53,-0.27,-0.06,3,3,3,3
6285.797119140625,114.9375,2.6875,-10.1875,0.53,-0.27,-0.06,3,3,3,3
6292.849853515625,114.5625,2.3125,-9.4375,0.96,-0.7,0.01,3,3,3,3
6300.922119140625,114.5625,2.3125,-9.4375,-1.04,-0.41,-0.75,3,3,3,3
6309.587646484375,114.1875,1.875,-8.875,-0.53,0.19,-0.2,3,3,3,3
6314.552490234375,113.875,1.5625,-8.5,-0.53,0.19,-0.2,3,3,3,3
6329.43359375,113.625,1.25,-8.1875,-0.49,0.99,0.31,3,3,3,3
6335.5673828125,113.3125,1.0625,-7.875,-0.49,0.99,0.31,3,3,3,3
6342.6611328125,113.0625,0.8125,-7.625,-0.46,1.44,0.26,3,3,3,3
6351.10400390625,113.0625,0.8125,-7.625,-0.46,0.69,0.16,3,3,3,3
6359.814208984375,112.75,0.5625,-7.3125,-0.34,0.68,0.2,3,3,3,3
6364.74169921875,112.5,0.4375,-7.0625,-0.34,0.68,0.2,3,3,3,3
6379.876953125,112.1875,0.25,-6.8125,-0.51,0.08,0.41,3,3,3,3
6386.10888671875,111.6875,0.125,-6.625,-0.51,0.08,0.41,3,3,3,3
6393.080322265625,111.4375,0.0625,-6.4375,-0.51,0.96,0.37,3,3,3,3
6401.33740234375,111.4375,0.0625,-6.4375,-0.73,1.61,-0.02,3,3,3,3
6409.964111328125,111.25,0.0,-6.375,-1.05,0.79,-0.2,3,3,3,3
6414.94287109375,111.0625,-0.0625,-6.3125,-1.05,0.79,-0.2,3,3,3,3
6429.81005859375,110.875,-0.125,-6.25,-0.13,1.41,0.55,3,3,3,3
6435.783447265625,110.625,-0.125,-6.125,-0.13,1.41,0.55,3,3,3,3
6443.003662109375,110.375,-0.125,-5.9375,-0.66,1.59,0.15,3,3,3,3
6451.55517578125,110.375,-0.125,-5.9375,-0.49,0.85,-0.36,3,3,3,3
6460.252685546875,110.125,-0.0625,-5.75,0.04,0.7,0.07,3,3,3,3
6465.178955078125,109.9375,-0.0625,-5.5625,0.04,0.7,0.07,3,3,3,3
6480.260009765625,109.6875,0.0,-5.375,0.92,0.55,0.51,3,3,3,3
6486.42578125,109.5,0.0,-5.25,0.92,0.55,0.51,3,3,3,3
6493.473876953125,109.25,-0.0625,-5.125,0.19,0.75,-0.31,3,3,3,3
6501.747314453125,109.25,-0.0625,-5.125,-0.45,0.6,-0.71,3,3,3,3
6510.472412109375,109.125,-0.1875,-5.0,-1.17,1.12,-1.06,3,3,3,3
6515.412109375,108.9375,-0.25,-4.875,-1.17,1.12,-1.06,3,3,3,3
6530.81494140625,108.75,-0.25,-4.75,0.08,0.16,-0.71,3,3,3,3
6540.994873046875,108.4375,-0.1875,-4.5625,0.14,-0.05,-0.6,3,3,3,3
6546.311767578125,108.25,-0.1875,-4.5,0.14,-0.05,-0.6,3,3,3,3
6553.62646484375,108.125,-0.1875,-4.4375,0.34,0.53,-0.75,3,3,3,3
6562.016845703125,108.125,-0.1875,-4.4375,-0.22,0.38,-1.03,3,3,3,3
6574.35595703125,107.9375,-0.1875,-4.375,0.17,0.49,-0.88,3,3,3,3
6582.70361328125,107.75,-0.25,-4.3125,0.23,0.86,-0.73,3,3,3,3
6590.561767578125,107.4375,-0.1875,-4.25,0.13,1.33,-0.59,3,3,3,3
6595.447998046875,107.25,-0.25,-4.1875,0.13,1.33,-0.59,3,3,3,3
6603.904052734375,107.0625,-0.25,-4.125,-0.49,1.07,-0.98,3,3,3,3
6612.257080078125,107.0625,-0.25,-4.125,-0.47,1.05,-1.1,3,3,3,3
6624.7197265625,106.8125,-0.25,-3.9375,-0.4,0.25,-0.91,3,3,3,3
6633.26513671875,106.625,-0.3125,-3.8125,-0.51,0.36,-0.71,3,3,3,3
6642.58203125,106.375,-0.3125,-3.625,-0.76,1.22,-0.63,3,3,3,3
6651.01171875,106.1875,-0.3125,-3.5625,-1.24,1.41,-0.52,3,3,3,3
6655.981201171875,106.0625,-0.3125,-3.5,-1.24,1.41,-0.52,3,3,3,3
6664.163818359375,106.0,-0.25,-3.4375,-0.42,1.69,-0.16,3,3,3,3
6677.086669921875,106.0,-0.25,-3.4375,-0.02,1.24,0.18,3,3,3,3
6684.992919921875,106.0,-0.25,-3.3125,-1.25,0.87,0.01,3,3,3,3
6692.814697265625,106.0,-0.25,-3.3125,-0.96,1.78,0.15,3,3,3,3
6701.229248046875,106.0,-0.25,-3.25,-0.14,0.73,0.76,3,3,3,3
6706.135009765625,106.0,-0.125,-3.1875,-0.14,0.73,0.76,3,3,3,3
6714.273193359375,106.0,-0.125,-3.0625,-0.97,1.25,0.46,3,3,3,3
6726.73974609375,106.0,-0.125,-3.0625,-1.95,1.99,0.41,3,3,3,3
6735.6748046875,106.1875,-0.125,-3.0625,-1.45,1.99,0.86,3,3,3,3
6744.620361328125,106.3125,-0.0625,-3.0,-0.29,1.25,1.44,3,3,3,3
6752.9208984375,106.3125,-0.0625,-3.0,-1.19,1.19,1.05,3,3,3,3
6761.55224609375,106.4375,-0.0625,-2.9375,-1.28,1.36,1.05,3,3,3,3
6766.536376953125,106.6875,-0.125,-2.875,-1.28,1.36,1.05,3,3,3,3
6781.315185546875,106.9375,-0.25,-2.875,-1.88,1.28,0.75,3,3,3,3
6787.56103515625,107.3125,-0.375,-2.875,-1.88,1.28,0.75,3,3,3,3
6794.56591796875,107.625,-0.4375,-2.875,-1.35,0.95,0.85,3,3,3,3
6803.07666015625,107.625,-0.4375,-2.875,-1.44,1.61,0.6,3,3,3,3
6811.787841796875,108.0,-0.4375,-2.875,-1.59,1.22,0.51,3,3,3,3
6816.744384765625,108.375,-0.5,-2.8125,-1.59,1.22,0.51,3,3,3,3
6831.90869140625,108.8125,-0.5,-2.75,-0.51,0.98,0.42,3,3,3,3
6838.14794921875,109.125,-0.4375,-2.625,-0.51,0.98,0.42,3,3,3,3
6845.181640625,109.5,-0.375,-2.5,-0.3,0.82,0.5,3,3,3,3
6853.191650390625,109.5,-0.375,-2.5,-0.18,0.21,0.31,3,3,3,3
6861.980224609375,109.875,-0.375,-2.375,0.04,0.3,0.27,3,3,3,3
6866.959228515625,110.3125,-0.3125,-2.1875,0.04,0.3,0.27,3,3,3,3
6881.81640625,110.6875,-0.3125,-2.0,-0.59,0.13,-0.21,3,3,3,3
6887.99609375,111.125,-0.25,-1.875,-0.59,0.13,-0.21,3,3,3,3
6895.052978515625,111.625,-0.25,-1.8125,-0.51,0.06,-0.4,3,3,3,3
6903.599853515625,111.625,-0.25,-1.8125,-0.67,0.4,-0.68,3,3,3,3
6912.16748046875,112.125,-0.1875,-1.6875,0.17,-0.2,-0.41,3,3,3,3
6917.088623046875,112.625,-0.125,-1.625,0.17,-0.2,-0.41,3,3,3,3
6932.1416015625,113.125,0.0,-1.5625,-0.31,-0.57,-0.95,3,3,3,3
6938.375244140625,113.5625,0.1875,-1.4375,-0.31,-0.57,-0.95,3,3,3,3
6945.420166015625,114.0,0.4375,-1.4375,-0.23,-0.59,-1.09,3,3,3,3
6953.752197265625,114.0,0.4375,-1.4375,-0.62,-0.86,-1.1,3,3,3,3
6962.447998046875,114.4375,0.625,-1.375,-0.51,-0.29,-0.94,3,3,3,3
6967.412841796875,114.8125,0.9375,-1.3125,-0.51,-0.29,-0.94,3,3,3,3
6982.81005859375,115.125,1.25,-1.3125,-1.68,3.46,0.39,3,3,3,3
6992.82666015625,115.4375,1.625,-1.3125,-1.83,4.6,0.45,3,3,3,3
6998.20263671875,115.75,2.0625,-1.375,-1.83,4.6,0.45,3,3,3,3
7005.62890625,116.3125,2.5,-1.4375,-2.03,2.02,0.29,3,3,3,3
7013.965087890625,116.3125,2.5,-1.4375,-1.53,0.58,0.38,3,3,3,3
7026.396484375,116.875,2.9375,-1.3125,1.42,1.45,1.64,3,3,3,3
7034.5810546875,117.5,3.5625,-1.25,1.55,0.69,1.49,3,3,3,3
7042.54248046875,118.1875,4.125,-1.0625,1.81,0.18,1.43,3,3,3,3
7047.4697265625,118.875,4.6875,-0.875,1.81,0.18,1.43,3,3,3,3
7055.826416015625,119.5625,5.125,-0.75,1.03,0.34,0.58,3,3,3,3
7064.174560546875,119.5625,5.125,-0.75,0.6,0.02,0.38,3,3,3,3
7076.5107421875,120.25,5.4375,-0.5625,0.75,0.3,0.51,3,3,3,3
7085.220947265625,121.0,5.8125,-0.375,1.46,0.0,0.72,3,3,3,3
7094.562744140625,121.75,6.0625,-0.1875,-0.59,-0.14,-0.27,3,3,3,3
7102.970947265625,122.5,6.3125,0.0,0.09,-0.08,-0.17,3,3,3,3
7107.921630859375,123.25,6.625,0.25,0.09,-0.08,-0.17,3,3,3,3
7116.109130859375,124.0,6.9375,0.5625,0.58,-0.79,0.1,3,3,3,3
7129.067138671875,124.0,6.9375,0.5625,-0.02,-0.69,-0.15,3,3,3,3
7136.931884765625,125.4375,7.4375,1.0,1.02,-1.14,0.3,3,3,3,3
7144.515869140625,125.4375,7.4375,1.0,0.68,-1.7,0.14,3,3,3,3
7153.267822265625,126.125,7.6875,1.25,0.7,-1.22,0.09,3,3,3,3
7158.20458984375,126.8125,7.875,1.375,0.7,-1.22,0.09,3,3,3,3
7166.384765625,127.4375,8.0625,1.5625,1.03,-1.06,0.22,3,3,3,3
7178.736572265625,127.4375,8.0625,1.5625,-0.19,-0.38,0.06,3,3,3,3
7187.652587890625,128.625,8.375,1.75,-0.42,0.57,0.06,3,3,3,3
7196.610595703125,129.25,8.5,1.875,-0.13,0.09,0.3,3,3,3,3
7204.84228515625,129.25,8.5,1.875,-0.22,-0.34,0.4,3,3,3,3
7213.56884765625,129.9375,8.625,2.0,-0.01,0.14,0.59,3,3,3,3
7218.5,130.625,8.75,2.0625,-0.01,0.14,0.59,3,3,3,3
7233.956298828125,131.3125,8.8125,2.1875,-0.89,-0.43,-0.16,3,3,3,3
7244.1552734375,132.0,8.8125,2.3125,-1.18,-0.42,-0.74,3,3,3,3
7249.49951171875,132.6875,8.875,2.4375,-1.18,-0.42,-0.74,3,3,3,3
7256.727294921875,133.3125,9.0625,2.5625,-0.27,-0.72,-0.3,3,3,3,3
7265.074462890625,133.3125,9.0625,2.5625,0.16,-0.8,-0.01,3,3,3,3
7277.56689453125,133.9375,9.1875,2.6875,0.28,-0.82,0.03,3,3,3,3
7285.72265625,134.5,9.3125,2.8125,-0.49,0.07,0.04,3,3,3,3
7293.65380859375,135.0625,9.4375,2.9375,0.05,0.42,0.26,3,3,3,3
7298.7353515625,135.5625,9.5,3.0,0.05,0.42,0.26,3,3,3,3
7306.87109375,136.125,9.5625,3.0625,-0.39,0.2,0.17,3,3,3,3
7315.453857421875,136.125,9.5625,3.0625,-0.86,0.71,-0.08,3,3,3,3
7327.6591796875,136.75,9.625,3.1875,-0.63,0.02,-0.06,3,3,3,3
7336.41015625,137.375,9.625,3.25,-0.7,0.33,-0.24,3,3,3,3
7345.761962890625,138.0,9.625,3.3125,-0.52,-0.04,-0.18,3,3,3,3
7354.13671875,138.625,9.625,3.375,-0.54,-0.46,-0.32,3,3,3,3
7359.068603515625,139.25,9.625,3.5,-0.54,-0.46,-0.32,3,3,3,3
7367.221923828125,139.8125,9.625,3.5,0.45,-0.7,-0.06,3,3,3,3
7380.297607421875,139.8125,9.625,3.5,-0.69,-0.27,-0.69,3,3,3,3
7388.078125,141.0,9.5,3.5625,-0.72,-0.32,-0.62,3,3,3,3
7395.7060546875,141.0,9.5,3.5625,-0.34,-0.32,-0.42,3,3,3,3
7404.374267578125,141.5,9.5,3.5625,-0.5,-0.85,-0.45,3,3,3,3
7409.28271484375,142.0625,9.5,3.625,-0.5,-0.85,-0.45,3,3,3,3
7417.46484375,142.5,9.5,3.625,-0.42,-0.34,-0.31,3,3,3,3
7429.766845703125,142.5,9.5,3.625,0.09,0.06,0.1,3,3,3,3
7438.684814453125,143.375,9.625,3.5625,0.11,0.15,0.43,3,3,3,3
7447.607421875,143.9375,9.625,3.4375,0.34,-0.28,0.35,3,3,3,3
7455.904052734375,143.9375,9.625,3.4375,-0.46,-0.42,-0.34,3,3,3,3
7464.68017578125,144.4375,9.625,3.375,-0.96,0.01,-0.48,3,3,3,3
7469.61328125,144.9375,9.625,3.25,-0.96,0.01,-0.48,3,3,3,3
7484.451171875,145.4375,9.6875,3.1875,0.06,0.43,0.78,3,3,3,3
7490.467529296875,145.875,9.6875,3.125,0.06,0.43,0.78,3,3,3,3
7497.787841796875,146.375,9.6875,3.1875,-0.31,0.81,0.64,3,3,3,3
7506.099853515625,146.375,9.6875,3.1875,-0.14,1.21,0.7,3,3,3,3
7514.905029296875,146.875,9.6875,3.1875,-0.5,0.71,0.47,3,3,3,3
7519.8310546875,147.4375,9.625,3.1875,-0.5,0.71,0.47,3,3,3,3
7534.799560546875,148.0,9.5,3.125,-0.6,0.67,0.29,3,3,3,3
7541.003173828125,148.6875,9.4375,3.0625,-0.6,0.67,0.29,3,3,3,3
7547.985107421875,149.3125,9.3125,3.0,-1.75,0.26,-0.35,3,3,3,3
7556.42724609375,149.3125,9.3125,3.0,-1.8,0.43,-0.45,3,3,3,3
7565.06787109375,149.875,9.25,2.875,-1.66,1.16,-0.1,3,3,3,3
7570.031982421875,150.4375,9.25,2.75,-1.66,1.16,-0.1,3,3,3,3
7585.375244140625,150.9375,9.375,2.6875,0.57,2.38,1.56,3,3,3,3
7591.61865234375,151.5,9.5625,2.625,0.57,2.38,1.56,3,3,3,3
7598.570556640625,152.0625,9.625,2.625,0.77,1.69,1.47,3,3,3,3
7606.596923828125,152.0625,9.625,2.625,0.92,0.86,1.05,3,3,3,3
7615.2958984375,152.75,9.6875,2.6875,0.37,0.21,0.61,3,3,3,3
7620.251708984375,153.4375,9.625,2.6875,0.37,0.21,0.61,3,3,3,3
7635.14453125,154.125,9.5625,2.75,-0.16,0.25,0.03,3,3,3,3
7641.333251953125,154.875,9.4375,2.8125,-0.16,0.25,0.03,3,3,3,3
7648.273193359375,155.5625,9.4375,2.875,-0.01,-0.1,0.08,3,3,3,3
7656.813232421875,155.5625,9.4375,2.875,0.49,0.0,0.13,3,3,3,3
7665.63916015625,156.1875,9.375,2.9375,0.45,-0.92,-0.05,3,3,3,3
7670.595947265625,156.875,9.375,3.0625,0.45,-0.92,-0.05,3,3,3,3
7685.631591796875,157.5,9.3125,3.125,0.39,-0.26,0.04,3,3,3,3
7691.893798828125,158.0625,9.3125,3.1875,0.39,-0.26,0.04,3,3,3,3
7698.8916015625,158.625,9.25,3.1875,0.41,0.11,0.06,3,3,3,3
7707.142333984375,158.625,9.25,3.1875,0.29,0.02,-0.08,3,3,3,3
7715.726806640625,159.1875,9.1875,3.25,0.26,-0.16,-0.06,3,3,3,3
7720.679443359375,159.8125,9.125,3.25,0.26,-0.16,-0.06,3,3,3,3
7735.58642578125,160.4375,9.0625,3.1875,0.06,-0.15,-0.17,3,3,3,3
7741.557373046875,160.9375,8.9375,3.1875,0.06,-0.15,-0.17,3,3,3,3
7748.721435546875,161.5,8.9375,3.1875,0.22,-0.32,-0.03,3,3,3,3
7758.132080078125,161.5,8.9375,3.1875,0.11,-0.22,-0.13,3,3,3,3
7765.83349609375,162.0625,8.875,3.1875,-0.08,-0.16,-0.07,3,3,3,3
7770.781494140625,162.5625,8.8125,3.1875,-0.08,-0.16,-0.07,3,3,3,3
7785.865478515625,163.125,8.75,3.125,-0.26,-0.35,-0.25,3,3,3,3
7792.0673828125,163.6875,8.6875,3.0625,-0.26,-0.35,-0.25,3,3,3,3
7799.10205078125,164.1875,8.625,3.0625,-0.32,-0.19,-0.39,3,3,3,3
7807.398193359375,164.1875,8.625,3.0625,0.04,-0.1,-0.49,3,3,3,3
7816.1875,164.75,8.625,3.0,0.0,0.04,-0.26,3,3,3,3
7821.103515625,165.25,8.625,2.9375,0.0,0.04,-0.26,3,3,3,3
7836.380615234375,165.75,8.625,2.8125,0.39,-0.3,0.22,3,3,3,3
7842.630615234375,166.3125,8.625,2.6875,0.39,-0.3,0.22,3,3,3,3
7849.644775390625,166.875,8.625,2.5,0.53,-0.45,0.55,3,3,3,3
7857.666015625,166.875,8.625,2.5,0.09,0.36,0.2,3,3,3,3
7866.39990234375,167.375,8.5625,2.3125,-0.26,0.0,-0.04,3,3,3,3
7871.30810546875,167.8125,8.4375,2.125,-0.26,0.0,-0.04,3,3,3,3
7886.233642578125,168.3125,8.3125,2.0,-1.13,0.46,-0.63,3,3,3,3
7892.444091796875,168.8125,8.1875,1.8125,-1.13,0.46,-0.63,3,3,3,3
7899.444580078125,169.3125,8.125,1.625,-1.01,1.31,-0.71,3,3,3,3
7907.987548828125,169.3125,8.125,1.625,-1.67,0.93,-0.88,3,3,3,3
7916.628173828125,169.8125,8.0625,1.5,-1.49,0.83,-0.68,3,3,3,3
7921.559326171875,170.375,8.0625,1.3125,-1.49,0.83,-0.68,3,3,3,3
7936.545654296875,170.875,8.1875,1.1875,0.69,0.26,0.57,3,3,3,3
7942.7919921875,171.4375,8.25,1.0625,0.69,0.26,0.57,3,3,3,3
7949.789794921875,171.9375,8.3125,0.9375,1.28,0.0,0.88,3,3,3,3
7958.072265625,171.9375,8.3125,0.9375,1.37,-0.4,0.82,3,3,3,3
7966.863525390625,172.5,8.3125,0.875,-0.08,-0.09,0.09,3,3,3,3
7971.849365234375,172.9375,8.25,0.75,-0.08,-0.09,0.09,3,3,3,3
7987.134033203125,173.4375,8.0625,0.5625,-1.06,0.46,-0.36,3,3,3,3
7997.16796875,174.0,7.875,0.3125,-1.69,0.67,-0.41,3,3,3,3
8002.6953125,174.5625,7.6875,0.0,-1.69,0.67,-0.41,3,3,3,3
8010.101318359375,175.125,7.5625,-0.1875,-2.19,1.45,-0.43,3,3,3,3
8018.414306640625,175.125,7.5625,-0.1875,-1.36,0.85,0.3,3,3,3,3
8030.737060546875,175.6875,7.5625,-0.3125,-0.68,0.94,0.71,3,3,3,3
8039.002685546875,176.1875,7.5625,-0.4375,-0.2,0.72,0.98,3,3,3,3
8046.873779296875,176.75,7.5625,-0.5625,-0.41,0.6,0.63,3,3,3,3
8051.80419921875,177.25,7.5625,-0.625,-0.41,0.6,0.63,3,3,3,3
8060.300048828125,177.75,7.5625,-0.6875,-0.33,0.92,0.4,3,3,3,3
8068.6220703125,177.75,7.5625,-0.6875,-0.13,0.44,0.14,3,3,3,3
8081.30517578125,178.25,7.5,-0.75,-0.52,0.77,0.12,3,3,3,3
8089.606689453125,178.8125,7.4375,-0.875,-0.24,0.79,0.23,3,3,3,3
8097.4619140625,179.375,7.375,-1.125,-1.21,0.98,-0.08,3,3,3,3
8102.978271484375,180.0,7.25,-1.375,-1.21,0.98,-0.08,3,3,3,3
8110.437744140625,180.6875,7.125,-1.625,-1.13,1.05,-0.11,3,3,3,3
8118.7763671875,180.6875,7.125,-1.625,-1.04,0.11,-0.34,3,3,3,3
8131.332275390625,181.3125,7.0625,-1.8125,-0.74,0.67,-0.16,3,3,3,3
8139.24169921875,181.875,7.0625,-1.875,0.51,1.03,0.22,3,3,3,3
8147.30712890625,182.5,7.1875,-2.0,0.73,0.91,0.62,3,3,3,3
8152.2333984375,182.9375,7.3125,-2.0,0.73,0.91,0.62,3,3,3,3
8160.737548828125,183.5,7.3125,-2.0625,0.16,2.2,0.54,3,3,3,3
8168.99755859375,183.5,7.3125,-2.0625,-0.94,2.23,-0.09,3,3,3,3
8181.391357421875,184.1875,7.3125,-2.1875,-0.79,0.48,-0.3,3,3,3,3
8189.9150390625,184.9375,7.1875,-2.3125,1.41,-0.76,0.52,3,3,3,3
8197.7685546875,185.8125,7.25,-2.375,1.75,-0.97,0.69,3,3,3,3
8202.87353515625,186.5625,7.3125,-2.4375,1.75,-0.97,0.69,3,3,3,3
8210.903564453125,187.25,7.3125,-2.5625,1.44,-1.2,0.52,3,3,3,3
8219.217529296875,187.25,7.3125,-2.5625,1.35,-1.29,0.31,3,3,3,3
8231.635498046875,187.875,7.3125,-2.625,0.1,0.6,-0.06,3,3,3,3
8240.529296875,188.375,7.25,-2.625,0.11,0.97,0.17,3,3,3,3
8249.859619140625,188.9375,7.1875,-2.75,0.53,0.78,0.51,3,3,3,3
8258.14990234375,189.5,7.1875,-2.8125,0.8,0.0,0.7,3,3,3,3
8263.109375,190.125,7.125,-2.875,0.8,0.0,0.7,3,3,3,3
8271.22607421875,190.75,7.0625,-2.9375,-0.2,-0.43,0.09,3,3,3,3
8283.271240234375,190.75,7.0625,-2.9375,-0.05,-0.06,0.0,3,3,3,3
8292.309814453125,192.0625,6.9375,-3.125,0.0,-0.45,-0.05,3,3,3,3
8299.8095703125,192.0625,6.9375,-3.125,0.13,-0.75,0.08,3,3,3,3
8308.28759765625,192.6875,6.9375,-3.1875,1.18,-0.99,0.16,3,3,3,3
8313.23095703125,193.1875,6.9375,-3.25,1.18,-0.99,0.16,3,3,3,3
8321.41748046875,193.6875,6.875,-3.25,0.03,-0.82,-0.32,3,3,3,3
8334.080322265625,193.6875,6.875,-3.25,-0.54,0.3,-0.64,3,3,3,3
8342.97265625,194.5,6.75,-3.3125,0.32,0.58,-0.26,3,3,3,3
8352.021240234375,195.0,6.6875,-3.4375,0.0,-0.82,-0.35,3,3,3,3
8359.848388671875,195.0,6.6875,-3.4375,-0.32,-0.62,-0.44,3,3,3,3
8368.64892578125,195.5625,6.625,-3.5,0.23,-0.31,-0.24,3,3,3,3
8373.5673828125,196.125,6.625,-3.625,0.23,-0.31,-0.24,3,3,3,3
8388.4541015625,196.625,6.5625,-3.75,-0.47,-0.75,-0.62,3,3,3,3
8394.6416015625,197.0625,6.5625,-3.875,-0.47,-0.75,-0.62,3,3,3,3
8401.748291015625,197.5,6.5625,-4.0,-0.83,0.0,-0.58,3,3,3,3
8410.023681640625,197.5,6.5625,-4.0,-1.0,0.4,-0.53,3,3,3,3
8418.84326171875,197.9375,6.5625,-4.125,-1.6,1.53,-0.34,3,3,3,3
8423.8046875,198.3125,6.5625,-4.25,-1.6,1.53,-0.34,3,3,3,3
8438.952392578125,198.75,6.5625,-4.375,-1.83,2.21,-0.01,3,3,3,3
8445.205078125,199.25,6.5625,-4.5625,-1.83,2.21,-0.01,3,3,3,3
8452.22607421875,199.875,6.5,-4.6875,-1.96,2.12,-0.2,3,3,3,3
8460.40478515625,199.875,6.5,-4.6875,-2.66,0.43,-1.3,3,3,3,3
8469.090087890625,200.625,6.4375,-4.8125,-2.62,-0.42,-1.42,3,3,3,3
8474.033935546875,201.375,6.375,-4.875,-2.62,-0.42,-1.42,3,3,3,3
8488.870361328125,202.0625,6.4375,-4.9375,-0.3,-0.28,-0.72,3,3,3,3
8495.03857421875,202.75,6.75,-5.0,-0.3,-0.28,-0.72,3,3,3,3
8502.16162109375,203.375,7.0625,-5.0,1.7,-1.3,0.13,3,3,3,3
8510.668212890625,203.375,7.0625,-5.0,1.51,-0.29,-0.05,3,3,3,3
8519.25830078125,203.875,7.375,-5.0,1.11,0.57,-0.72,3,3,3,3
8524.184814453125,204.3125,7.5625,-5.0,1.11,0.57,-0.72,3,3,3,3
8539.171875,204.75,7.6875,-5.0,-0.68,-0.66,-1.92,3,3,3,3
8545.4228515625,205.1875,7.75,-5.0,-0.68,-0.66,-1.92,3,3,3,3
8552.384521484375,205.625,7.9375,-5.125,0.1,-0.22,-1.58,3,3,3,3
8560.833984375,205.625,7.9375,-5.125,-0.47,-0.53,-1.51,3,3,3,3
8569.50048828125,206.0625,8.1875,-5.25,1.55,0.15,-0.5,3,3,3,3
8574.483154296875,206.625,8.4375,-5.5,1.55,0.15,-0.5,3,3,3,3
8589.822265625,207.125,8.8125,-5.6875,0.66,-1.05,-0.32,3,3,3,3
8599.847900390625,207.5625,9.0625,-5.8125,1.23,-0.61,-0.08,3,3,3,3
8605.277587890625,207.9375,9.375,-5.8125,1.23,-0.61,-0.08,3,3,3,3
8612.755126953125,208.1875,9.75,-5.8125,0.67,0.23,0.29,3,3,3,3
8621.082763671875,208.1875,9.75,-5.8125,0.61,0.95,0.24,3,3,3,3
8633.392822265625,208.4375,10.0,-5.8125,0.17,0.22,-0.04,3,3,3,3
8641.721923828125,208.8125,10.1875,-5.8125,-0.65,-0.53,-0.46,3,3,3,3
8649.5224609375,209.0625,10.375,-5.875,-0.56,0.06,-0.2,3,3,3,3
8654.4814453125,209.5625,10.625,-5.9375,-0.56,0.06,-0.2,3,3,3,3
8662.90087890625,209.9375,10.9375,-6.0625,-0.31,0.62,0.01,3,3,3,3
8671.247314453125,209.9375,10.9375,-6.0625,0.66,-0.21,0.56,3,3,3,3
8683.565185546875,210.3125,11.3125,-6.0,2.26,-1.5,1.41,3,3,3,3
8692.28564453125,210.5625,11.6875,-5.9375,1.93,-1.27,1.19,3,3,3,3
8701.6728515625,210.625,12.0625,-5.8125,1.6,-0.42,1.28,3,3,3,3
8710.0458984375,210.6875,12.375,-5.6875,1.58,1.19,1.26,3,3,3,3
8715.009765625,210.8125,12.5625,-5.6875,1.58,1.19,1.26,3,3,3,3
8723.173095703125,211.125,12.5625,-5.625,0.3,-1.58,0.36,3,3,3,3
8736.107666015625,211.125,12.5625,-5.625,-0.85,-1.5,-0.02,3,3,3,3
8743.86865234375,211.625,12.8125,-5.75,-0.15,-0.09,0.32,3,3,3,3
8751.39892578125,211.625,12.8125,-5.75,0.64,-0.04,0.65,3,3,3,3
8760.374267578125,211.875,13.0,-5.75,0.98,-1.75,0.43,3,3,3,3
8765.28466796875,212.0,13.1875,-5.6875,0.98,-1.75,0.43,3,3,3,3
8773.422119140625,212.125,13.4375,-5.625,1.47,-1.29,0.46,3,3,3,3
8785.71484375,212.125,13.4375,-5.625,1.27,-1.27,0.21,3,3,3,3
8794.557373046875,211.6875,13.875,-5.375,0.75,-1.35,0.5,3,3,3,3
8803.548828125,211.5625,14.125,-5.1875,1.56,1.04,1.54,3,3,3,3
8811.88818359375,211.5625,14.125,-5.1875,1.54,2.13,1.46,3,3,3,3
8820.6025390625,211.625,14.25,-5.125,1.28,0.74,0.95,3,3,3,3
8825.537353515625,211.8125,14.1875,-5.0,1.28,0.74,0.95,3,3,3,3
8840.874267578125,212.0625,14.1875,-4.9375,0.8,-0.29,0.57,3,3,3,3
8851.02685546875,212.25,14.25,-4.9375,1.32,-0.64,0.9,3,3,3,3
8856.36669921875,212.375,14.375,-4.9375,1.32,-0.64,0.9,3,3,3,3
8863.803955078125,212.5,14.5,-4.8125,1.7,-1.24,1.04,3,3,3,3
8872.112060546875,212.5,14.5,-4.8125,0.91,-1.35,0.43,3,3,3,3
8884.577880859375,212.4375,14.625,-4.625,0.51,-0.37,0.45,3,3,3,3
8892.7119140625,212.3125,14.8125,-4.4375,1.08,0.07,0.62,3,3,3,3
8900.67578125,212.125,14.9375,-4.1875,1.08,0.14,0.89,3,3,3,3
8905.640380859375,212.0,15.0,-4.0625,1.08,0.14,0.89,3,3,3,3
8914.044189453125,212.0,14.9375,-3.9375,-0.06,-0.04,0.45,3,3,3,3
8922.28564453125,212.0,14.9375,-3.9375,-0.4,0.2,0.36,3,3,3,3
8934.62646484375,212.0625,14.9375,-3.9375,-0.24,0.73,0.49,3,3,3,3
8943.295654296875,212.0625,14.875,-3.9375,0.13,0.8,0.72,3,3,3,3
8951.153076171875,211.9375,14.9375,-3.8125,0.59,0.35,0.69,3,3,3,3
8956.109619140625,211.875,14.9375,-3.625,0.59,0.35,0.69,3,3,3,3
8964.1650390625,211.8125,15.0,-3.375,0.85,-0.7,0.27,3,3,3,3
8972.689697265625,211.8125,15.0,-3.375,0.19,-1.35,-0.23,3,3,3,3
8984.943603515625,211.6875,15.0,-3.0625,-0.19,-1.5,-0.5,3,3,3,3
8992.9794921875,211.4375,15.0625,-2.8125,0.33,0.42,0.24,3,3,3,3
9001.1171875,211.125,15.1875,-2.625,0.51,1.36,0.49,3,3,3,3
9006.11865234375,210.9375,15.25,-2.625,0.51,1.36,0.49,3,3,3,3
9014.501953125,211.0,15.1875,-2.6875,0.0,1.32,0.17,3,3,3,3
9022.760009765625,211.0,15.1875,-2.6875,-0.93,0.97,-0.07,3,3,3,3
9035.131103515625,211.1875,15.125,-2.875,-0.03,1.06,0.23,3,3,3,3
9043.5966796875,211.375,15.125,-3.0,0.91,0.48,0.46,3,3,3,3
9051.421630859375,211.4375,15.1875,-3.125,0.9,-0.01,0.73,3,3,3,3
9056.39501953125,211.5625,15.25,-3.1875,0.9,-0.01,0.73,3,3,3,3
9064.65625,211.625,15.1875,-3.25,0.87,0.41,0.69,3,3,3,3
9072.768798828125,211.625,15.1875,-3.25,0.34,0.87,0.6,3,3,3,3
9085.224853515625,211.6875,15.1875,-3.3125,0.29,1.27,0.78,3,3,3,3
9094.3310546875,211.6875,15.1875,-3.375,0.25,1.61,0.51,3,3,3,3
9103.656494140625,211.75,15.125,-3.375,-0.78,0.59,-0.19,3,3,3,3
9111.902587890625,211.75,15.0625,-3.25,-0.49,0.32,-0.15,3,3,3,3
9116.9091796875,211.8125,15.0625,-3.125,-0.49,0.32,-0.15,3,3,3,3
9125.033447265625,211.8125,15.125,-3.0625,0.15,0.52,0.07,3,3,3,3
9136.927978515625,211.8125,15.125,-3.0625,0.43,0.62,0.06,3,3,3,3
9145.98681640625,211.875,15.1875,-2.875,-0.34,-0.18,-0.2,3,3,3,3
9153.346923828125,211.875,15.1875,-2.875,-0.08,0.17,-0.16,3,3,3,3
9162.075439453125,211.875,15.1875,-2.75,0.59,0.27,-0.07,3,3,3,3
9167.01025390625,211.875,15.3125,-2.6875,0.59,0.27,-0.07,3,3,3,3
9175.170166015625,211.875,15.3125,-2.625,0.31,0.28,-0.01,3,3,3,3
9187.805908203125,211.875,15.3125,-2.625,0.22,0.46,-0.12,3,3,3,3
9196.76123046875,211.6875,15.3125,-2.5625,0.05,0.15,-0.07,3,3,3,3
9205.428466796875,211.6875,15.3125,-2.5,-0.04,-0.11,0.0,3,3,3,3
9214.26611328125,211.6875,15.3125,-2.5,0.2,0.66,0.12,3,3,3,3
9222.80029296875,211.6875,15.375,-2.5,0.43,0.37,0.21,3,3,3,3
9228.32373046875,211.6875,15.375,-2.5625,0.43,0.37,0.21,3,3,3,3
9243.03076171875,211.6875,15.375,-2.5,-0.06,-0.28,-0.03,3,3,3,3
9252.74609375,211.5625,15.375,-2.5,-0.02,1.03,-0.13,3,3,3,3
9263.258056640625,211.5625,15.375,-2.625,0.36,0.57,-0.02,3,3,3,3
9268.524658203125,211.5625,15.4375,-2.6875,0.36,0.57,-0.02,3,3,3,3
9276.57373046875,211.5625,15.4375,-2.625,0.08,-0.12,-0.01,3,3,3,3
9292.352783203125,211.5,15.4375,-2.625,-0.2,0.01,-0.29,3,3,3,3
9298.590087890625,211.4375,15.4375,-2.625,-0.2,0.01,-0.29,3,3,3,3
9305.5439453125,211.375,15.4375,-2.625,-0.26,-0.21,-0.51,3,3,3,3
9314.10205078125,211.375,15.4375,-2.625,-0.45,-0.44,-0.58,3,3,3,3
9322.77734375,211.25,15.4375,-2.5625,-0.42,-0.3,-0.48,3,3,3,3
9327.7216796875,211.0625,15.4375,-2.5625,-0.42,-0.3,-0.48,3,3,3,3
9342.952392578125,210.9375,15.5,-2.625,0.37,0.82,0.46,3,3,3,3
9349.183349609375,210.8125,15.5625,-2.75,0.37,0.82,0.46,3,3,3,3
9355.98583984375,210.8125,15.5625,-2.8125,-0.06,1.18,0.35,3,3,3,3
9364.044189453125,210.8125,15.5625,-2.8125,0.15,0.87,0.26,3,3,3,3
9373.00927734375,210.75,15.5625,-2.875,0.17,0.08,0.06,3,3,3,3
9377.99169921875,210.75,15.5625,-2.875,0.17,0.08,0.06,3,3,3,3
9392.77783203125,210.75,15.5625,-2.8125,0.46,-0.06,-0.21,3,3,3,3
9399.02001953125,210.625,15.5625,-2.8125,0.46,-0.06,-0.21,3,3,3,3
9406.023193359375,210.5,15.5625,-2.75,0.23,0.01,-0.97,3,3,3,3
9414.5283203125,210.5,15.5625,-2.75,0.14,-0.13,-1.24,3,3,3,3
9423.240478515625,210.4375,15.625,-2.6875,0.43,0.06,-0.61,3,3,3,3
9428.191162109375,210.3125,15.6875,-2.625,0.43,0.06,-0.61,3,3,3,3
9443.372314453125,210.25,15.8125,-2.6875,0.95,2.56,0.71,3,3,3,3
9449.607421875,210.125,15.875,-2.75,0.95,2.56,0.71,3,3,3,3
9456.568603515625,210.25,15.9375,-2.75,0.9,2.68,0.76,3,3,3,3
9464.807861328125,210.25,15.9375,-2.75,0.42,2.54,0.4,3,3,3,3
9473.447021484375,210.4375,15.9375,-2.75,0.31,1.84,0.14,3,3,3,3
9478.419677734375,210.625,15.9375,-2.625,0.31,1.84,0.14,3,3,3,3
9493.27001953125,210.75,15.9375,-2.4375,0.55,0.49,-0.43,3,3,3,3
9499.4609375,210.875,16.0,-2.25,0.55,0.49,-0.43,3,3,3,3
9506.41357421875,211.0,16.0625,-2.0625,0.43,0.22,-0.67,3,3,3,3
9514.956298828125,211.0,16.0625,-2.0625,0.17,0.31,-0.75,3,3,3,3
9523.689697265625,211.0625,16.125,-1.875,0.3,0.46,-0.58,3,3,3,3
9528.640625,211.125,16.1875,-1.75,0.3,0.46,-0.58,3,3,3,3
9543.8203125,211.1875,16.3125,-1.625,-0.17,0.48,-0.65,3,3,3,3
9550.045654296875,211.25,16.375,-1.5625,-0.17,0.48,-0.65,3,3,3,3
9557.041748046875,211.25,16.5,-1.5,0.06,0.34,-0.24,3,3,3,3
9565.24853515625,211.25,16.5,-1.5,0.39,0.68,0.11,3,3,3,3
9573.898681640625,211.3125,16.5625,-1.5,0.62,1.24,0.3,3,3,3,3
9578.81005859375,211.375,16.625,-1.625,0.62,1.24,0.3,3,3,3,3
9593.775146484375,211.4375,16.6875,-1.75,-0.5,1.48,0.37,3,3,3,3
9599.891845703125,211.5,16.625,-1.875,-0.5,1.48,0.37,3,3,3,3
9606.839599609375,211.625,16.625,-2.0,-0.02,1.95,0.53,3,3,3,3
9615.47900390625,211.625,16.625,-2.0,-0.19,1.88,0.32,3,3,3,3
9624.259765625,211.75,16.625,-2.125,-0.78,1.54,0.18,3,3,3,3
9630.04638671875,211.875,16.5625,-2.1875,-0.78,1.54,0.18,3,3,3,3
9644.013916015625,211.9375,16.5625,-2.1875,-0.27,1.81,0.4,3,3,3,3
9650.264404296875,212.0625,16.5625,-2.25,-0.27,1.81,0.4,3,3,3,3
9657.17431640625,212.1875,16.5,-2.3125,-0.13,1.59,0.41,3,3,3,3
9666.521728515625,212.1875,16.5,-2.3125,-0.54,1.31,0.08,3,3,3,3
9674.21435546875,212.3125,16.5,-2.25,0.23,1.76,0.4,3,3,3,3
9679.18994140625,212.5,16.5,-2.5625,0.23,1.76,0.4,3,3,3,3
9694.532470703125,212.625,16.5625,-2.5625,0.49,1.18,0.62,3,3,3,3
9700.7861328125,212.75,16.5625,-2.5,0.49,1.18,0.62,3,3,3,3
9707.739013671875,212.875,16.5625,-2.4375,1.07,1.44,0.84,3,3,3,3
9715.75732421875,212.875,16.5625,-2.4375,0.74,1.66,0.53,3,3,3,3
9724.51904296875,213.0,16.625,-2.375,0.36,1.5,0.47,3,3,3,3
9729.423828125,213.125,16.5625,-2.3125,0.36,1.5,0.47,3,3,3,3
9744.37353515625,213.3125,16.5625,-2.1875,0.55,0.48,0.24,3,3,3,3
9750.5673828125,213.4375,16.5,-2.0625,0.55,0.48,0.24,3,3,3,3
9757.49560546875,213.5,16.4375,-1.8125,0.16,0.55,0.13,3,3,3,3
9766.093505859375,213.5,16.4375,-1.8125,0.31,0.88,0.0,3,3,3,3
9774.774169921875,213.625,16.375,-1.6875,-0.01,0.74,-0.01,3,3,3,3
9779.7275390625,213.75,16.3125,-1.5625,-0.01,0.74,-0.01,3,3,3,3
9794.73095703125,213.875,16.25,-1.5,-0.6,2.43,0.04,3,3,3,3
9800.968994140625,214.125,16.1875,-1.5,-0.6,2.43,0.04,3,3,3,3
9807.96484375,214.3125,16.125,-1.5,-0.85,2.61,-0.12,3,3,3,3
9816.28955078125,214.3125,16.125,-1.5,-0.43,1.79,-0.03,3,3,3,3
9825.028564453125,214.5,16.0625,-1.4375,-0.48,1.18,-0.11,3,3,3,3
9829.947265625,214.6875,16.0,-1.3125,-0.48,1.18,-0.11,3,3,3,3
9845.21337890625,214.9375,16.0,-1.1875,-0.37,1.31,-0.34,3,3,3,3
9851.482177734375,215.125,16.0,-1.125,-0.37,1.31,-0.34,3,3,3,3
9858.486572265625,215.3125,16.0,-1.0625,-0.41,0.93,-0.61,3,3,3,3
9866.520751953125,215.3125,16.0,-1.0625,0.17,1.17,-0.62,3,3,3,3
9875.232177734375,215.5625,16.0625,-1.0,0.3,0.54,-0.53,3,3,3,3
9880.27880859375,215.75,16.125,-0.875,0.3,0.54,-0.53,3,3,3,3
9895.070068359375,216.0,16.1875,-0.75,0.42,1.04,-0.18,3,3,3,3
9901.279296875,216.25,16.25,-0.75,0.42,1.04,-0.18,3,3,3,3
9908.220947265625,216.5625,16.25,-0.75,0.11,0.77,-0.48,3,3,3,3
9916.760986328125,216.5625,16.25,-0.75,-0.05,0.3,-0.73,3,3,3,3
9925.50048828125,216.8125,16.3125,-0.75,0.43,0.03,-0.54,3,3,3,3
9930.489990234375,217.125,16.3125,-0.75,0.43,0.03,-0.54,3,3,3,3
9945.62548828125,217.4375,16.4375,-0.8125,1.29,0.1,0.13,3,3,3,3
9951.8857421875,217.75,16.5,-0.8125,1.29,0.1,0.13,3,3,3,3
9958.824462890625,218.0,16.5625,-0.9375,1.12,0.78,0.44,3,3,3,3
9967.0732421875,218.0,16.5625,-0.9375,0.97,1.41,0.36,3,3,3,3
9975.70654296875,218.3125,16.625,-1.0625,0.73,0.66,0.14,3,3,3,3
9980.62060546875,218.6875,16.625,-1.125,0.73,0.66,0.14,3,3,3,3
9995.5419921875,219.0,16.6875,-1.1875,1.44,0.36,0.17,3,3,3,3
10001.75830078125,219.3125,16.6875,-1.1875,1.44,0.36,0.17,3,3,3,3
10008.803955078125,219.625,16.75,-1.25,1.47,-0.35,-0.17,3,3,3,3
10017.13232421875,219.625,16.75,-1.25,1.51,-0.27,-0.19,3,3,3,3
10025.99462890625,219.9375,16.75,-1.25,1.75,-0.13,-0.32,3,3,3,3
10030.938720703125,220.1875,16.75,-1.3125,1.75,-0.13,-0.32,3,3,3,3
10045.8505859375,220.4375,16.75,-1.3125,2.05,-0.17,-0.14,3,3,3,3
10052.213623046875,220.5,16.75,-1.375,2.05,-0.17,-0.14,3,3,3,3
10059.043701171875,220.75,16.75,-1.5,1.95,0.45,-0.26,3,3,3,3
10067.468505859375,220.75,16.75,-1.5,1.49,0.49,-0.51,3,3,3,3
10076.185302734375,220.9375,16.6875,-1.5625,1.15,0.03,-0.69,3,3,3,3
10081.1181640625,221.1875,16.625,-1.625,1.15,0.03,-0.69,3,3,3,3
10096.393798828125,221.375,16.625,-1.6875,1.2,0.47,-0.54,3,3,3,3
10102.666259765625,221.625,16.625,-1.8125,1.2,0.47,-0.54,3,3,3,3
10109.62646484375,221.875,16.625,-2.0,1.35,0.24,-0.52,3,3,3,3
10117.65625,221.875,16.625,-2.0,1.5,-0.18,-0.36,3,3,3,3
10126.424072265625,222.1875,16.5625,-2.1875,1.54,0.43,0.0,3,3,3,3
10131.3447265625,222.5,16.5,-2.3125,1.54,0.43,0.0,3,3,3,3
10146.2431640625,222.875,16.5,-2.5625,1.92,1.11,0.58,3,3,3,3
10152.4228515625,223.0625,16.4375,-2.6875,1.92,1.11,0.58,3,3,3,3
10159.390625,223.375,16.375,-2.8125,1.58,0.46,0.52,3,3,3,3
10167.931640625,223.375,16.375,-2.8125,2.03,-0.3,0.37,3,3,3,3
10176.643798828125,223.75,16.3125,-2.875,1.91,-0.32,0.23,3,3,3,3
10181.55810546875,224.0625,16.25,-3.0,1.91,-0.32,0.23,3,3,3,3
10196.6904296875,224.3125,16.125,-3.0625,0.94,0.1,0.05,3,3,3,3
10202.90283203125,224.5,16.0,-3.125,0.94,0.1,0.05,3,3,3,3
10209.91455078125,224.75,15.875,-3.1875,0.58,0.44,-0.21,3,3,3,3
10218.119873046875,224.75,15.875,-3.1875,0.34,0.64,-0.49,3,3,3,3
10226.890869140625,225.0625,15.75,-3.25,0.6,0.66,-0.18,3,3,3,3
10231.875732421875,225.3125,15.6875,-3.25,0.6,0.66,-0.18,3,3,3,3
10247.220703125,225.5625,15.5625,-3.1875,0.41,0.59,-0.43,3,3,3,3
10257.227294921875,225.5625,15.4375,-3.0,0.37,-0.13,-0.61,3,3,3,3
10262.58837890625,225.625,15.375,-2.75,0.37,-0.13,-0.61,3,3,3,3
10270.031005859375,225.6875,15.3125,-2.5,0.42,-0.98,-0.94,3,3,3,3
10278.376708984375,225.6875,15.3125,-2.5,1.53,-1.54,0.0,3,3,3,3
10290.7763671875,225.75,15.25,-2.375,1.77,-0.86,0.47,3,3,3,3
10298.9658203125,225.8125,15.25,-2.4375,1.31,0.11,0.42,3,3,3,3
10307.00048828125,225.875,15.125,-2.5,0.63,0.99,0.41,3,3,3,3
10311.931396484375,225.9375,14.9375,-2.5,0.63,0.99,0.41,3,3,3,3
10320.341796875,226.0,14.75,-2.4375,-0.54,1.13,0.07,3,3,3,3
10328.664306640625,226.0,14.75,-2.4375,-0.47,0.97,-0.13,3,3,3,3
10341.006591796875,226.0625,14.625,-2.3125,0.37,0.02,0.23,3,3,3,3
10349.497802734375,226.25,14.5625,-2.25,0.19,0.4,0.08,3,3,3,3
10357.3671875,226.5625,14.4375,-2.25,0.18,-0.2,-0.06,3,3,3,3
10362.295166015625,226.875,14.3125,-2.3125,0.18,-0.2,-0.06,3,3,3,3
10370.5693359375,227.125,14.25,-2.25,0.0,-0.75,0.0,3,3,3,3
10378.910400390625,227.125,14.25,-2.25,0.14,-1.11,0.22,3,3,3,3
10391.373291015625,227.3125,14.1875,-2.1875,0.88,-0.69,1.33,3,3,3,3
10400.12646484375,227.4375,14.125,-2.125,1.08,-0.12,1.33,3,3,3,3
10409.5439453125,227.625,14.0,-2.1875,0.11,0.18,0.75,3,3,3,3
10417.63671875,227.8125,13.875,-2.25,-0.57,-0.02,0.13,3,3,3,3
10422.59765625,227.9375,13.6875,-2.125,-0.57,-0.02,0.13,3,3,3,3
10430.788818359375,228.0625,13.625,-2.0,0.06,-0.06,0.42,3,3,3,3
10443.774658203125,228.0625,13.625,-2.0,-0.28,0.17,-0.21,3,3,3,3
10451.706787109375,228.375,13.3125,-1.75,-0.71,-1.05,-0.35,3,3,3,3
10459.251220703125,228.375,13.3125,-1.75,-0.95,-1.62,-0.59,3,3,3,3
10467.9853515625,228.5,13.1875,-1.625,-0.18,-0.79,-0.11,3,3,3,3
10472.966552734375,228.6875,13.125,-1.625,-0.18,-0.79,-0.11,3,3,3,3
10481.1142578125,228.9375,13.125,-1.6875,-0.22,-0.4,-0.12,3,3,3,3
10493.627685546875,228.9375,13.125,-1.6875,-0.56,-0.73,-0.25,3,3,3,3
10502.5029296875,229.1875,12.9375,-1.5,-0.95,0.14,-0.14,3,3,3,3
10511.477783203125,229.25,12.875,-1.375,-0.58,-0.24,0.12,3,3,3,3
10519.496826171875,229.25,12.875,-1.375,-0.78,0.17,0.29,3,3,3,3
10528.268798828125,229.3125,12.75,-1.125,-1.17,-0.08,0.33,3,3,3,3
10533.26416015625,229.3125,12.6875,-0.75,-1.17,-0.08,0.33,3,3,3,3
10548.08837890625,229.3125,12.6875,-0.375,0.05,-0.22,1.77,3,3,3,3
10554.27685546875,229.375,12.625,-0.0625,0.05,-0.22,1.77,3,3,3,3
10561.239990234375,229.4375,12.5,0.125,0.01,0.51,1.15,3,3,3,3
10569.82470703125,229.4375,12.5,0.125,0.27,-0.4,1.67,3,3,3,3
10578.50634765625,229.5625,12.3125,0.5625,-1.26,-0.99,0.21,3,3,3,3
10583.50732421875,229.6875,12.0,0.9375,-1.26,-0.99,0.21,3,3,3,3
10598.508544921875,229.75,11.8125,1.1875,0.22,-2.32,0.44,3,3,3,3
10604.69189453125,229.8125,11.625,1.4375,0.22,-2.32,0.44,3,3,3,3
10611.701416015625,229.8125,11.5,1.5625,0.0,-2.28,0.23,3,3,3,3
10620.018798828125,229.8125,11.5,1.5625,0.31,-1.43,0.7,3,3,3,3
10628.729736328125,229.75,11.375,1.625,0.68,-0.77,0.7,3,3,3,3
10633.655517578125,229.5625,11.1875,1.625,0.68,-0.77,0.7,3,3,3,3
10648.980712890625,229.4375,10.9375,1.75,0.04,-1.64,0.08,3,3,3,3
10655.21435546875,229.25,10.625,2.0625,0.04,-1.64,0.08,3,3,3,3
10662.195068359375,229.0,10.1875,2.25,-0.5,-0.86,-0.46,3,3,3,3
10670.300537109375,229.0,10.1875,2.25,-0.42,-1.01,-0.8,3,3,3,3
10678.96337890625,228.8125,9.875,2.4375,-0.6,-1.56,-0.79,3,3,3,3
10683.913818359375,228.625,9.625,2.625,-0.6,-1.56,-0.79,3,3,3,3
10698.788818359375,228.4375,9.4375,2.75,0.2,-0.24,0.43,3,3,3,3
10704.962158203125,228.25,9.3125,2.8125,0.2,-0.24,0.43,3,3,3,3
10712.13671875,228.0625,9.1875,2.875,0.25,-0.47,0.6,3,3,3,3
10720.4638671875,228.0625,9.1875,2.875,-0.09,-0.56,0.43,3,3,3,3
10729.172607421875,227.8125,9.0,2.9375,0.33,-0.19,0.28,3,3,3,3
10734.097900390625,227.6875,8.875,3.0,0.33,-0.19,0.28,3,3,3,3
10749.233154296875,227.5625,8.75,3.0,-0.11,-0.62,-0.63,3,3,3,3
10755.444580078125,227.5,8.5625,3.0625,-0.11,-0.62,-0.63,3,3,3,3
10762.42041015625,227.3125,8.4375,3.1875,-0.03,-0.79,-0.79,3,3,3,3
10770.669189453125,227.3125,8.4375,3.1875,-0.88,-0.12,-0.54,3,3,3,3
10779.435546875,227.125,8.3125,3.3125,-0.14,0.48,-0.05,3,3,3,3
10784.380615234375,226.875,8.3125,3.375,-0.14,0.48,-0.05,3,3,3,3
10799.781494140625,226.75,8.3125,3.5,-0.45,-0.39,0.05,3,3,3,3
10809.8466796875,226.5,8.25,3.6875,-0.02,0.23,0.2,3,3,3,3
10815.22900390625,226.3125,8.1875,3.875,-0.02,0.23,0.2,3,3,3,3
10822.693115234375,226.125,8.125,4.0,-0.27,0.27,-0.24,3,3,3,3
10831.03466796875,226.125,8.125,4.0,-0.97,-0.13,-0.9,3,3,3,3
10843.31591796875,226.0,8.0625,4.1875,-0.06,-0.85,-1.24,3,3,3,3
10851.613525390625,225.875,8.0625,4.375,0.13,-0.86,-0.78,3,3,3,3
10859.4970703125,225.75,8.125,4.5625,-0.1,-1.06,0.01,3,3,3,3
10865.674560546875,225.625,8.125,4.6875,-0.1,-1.06,0.01,3,3,3,3
10872.789306640625,225.5,8.1875,4.6875,-0.03,-0.49,0.37,3,3,3,3
10881.313720703125,225.5,8.1875,4.6875,-1.09,0.69,0.46,3,3,3,3
10893.544677734375,225.3125,8.1875,4.6875,-1.06,0.37,0.42,3,3,3,3
10902.294677734375,225.1875,8.1875,4.6875,-0.41,-0.26,0.5,3,3,3,3
10911.51416015625,225.125,8.3125,4.75,-0.5,-0.37,-0.02,3,3,3,3
10920.037109375,225.0,8.375,4.8125,-0.12,-1.0,-0.49,3,3,3,3
10925.08447265625,224.8125,8.5,4.875,-0.12,-1.0,-0.49,3,3,3,3
10933.259521484375,224.625,8.625,4.9375,0.2,-1.23,-0.16,3,3,3,3
10946.10302734375,224.625,8.625,4.9375,-0.09,-0.38,0.09,3,3,3,3
10953.966796875,224.125,8.8125,5.0625,-0.41,-0.03,0.31,3,3,3,3
10961.5048828125,224.125,8.8125,5.0625,-0.91,0.21,0.67,3,3,3,3
10970.2958984375,223.875,8.8125,5.125,-0.6,0.01,0.68,3,3,3,3
10975.23388671875,223.625,8.875,5.1875,-0.6,0.01,0.68,3,3,3,3
10983.43212890625,223.4375,8.8125,5.25,-0.47,-0.35,0.62,3,3,3,3
10995.742919921875,223.4375,8.8125,5.25,-0.48,-0.54,0.26,3,3,3,3
11004.60546875,223.0625,8.8125,5.375,-0.63,-0.58,0.08,3,3,3,3
11013.613037109375,222.8125,8.8125,5.3125,-0.46,-0.54,-0.32,3,3,3,3
11021.90380859375,222.8125,8.8125,5.3125,-0.45,-0.54,-0.76,3,3,3,3
11030.535888671875,222.625,8.875,5.3125,0.11,-1.39,-0.48,3,3,3,3
11035.4716796875,222.375,9.0,5.4375,0.11,-1.39,-0.48,3,3,3,3
11050.988525390625,222.0625,9.125,5.4375,0.01,-0.48,0.26,3,3,3,3
11061.15771484375,221.9375,9.25,5.375,-0.2,-0.46,0.27,3,3,3,3
11066.47607421875,221.625,9.4375,5.3125,-0.2,-0.46,0.27,3,3,3,3
11073.7568359375,221.3125,9.5625,5.3125,-0.12,-0.44,0.86,3,3,3,3
11082.154052734375,221.3125,9.5625,5.3125,0.0,-0.2,1.15,3,3,3,3
11094.61669921875,221.0,9.6875,5.25,-0.43,-0.14,1.01,3,3,3,3
11102.783203125,220.6875,9.75,5.125,-0.89,-0.03,0.53,3,3,3,3
11110.668701171875,220.5,9.8125,4.9375,-0.39,-0.28,0.59,3,3,3,3
11115.68408203125,220.125,9.875,4.875,-0.39,-0.28,0.59,3,3,3,3
11124.043701171875,219.75,9.9375,4.8125,-0.53,0.0,0.12,3,3,3,3
11132.458984375,219.75,9.9375,4.8125,-0.27,-0.38,0.01,3,3,3,3
11144.6904296875,219.375,10.0,4.75,-1.15,-1.0,-0.54,3,3,3,3
11153.433837890625,219.0,10.0,4.6875,-0.47,-0.89,0.0,3,3,3,3
11162.7109375,218.625,10.0625,4.625,-0.33,-0.29,0.32,3,3,3,3
11171.132568359375,218.25,10.125,4.5,-0.16,0.0,0.46,3,3,3,3
11176.045166015625,217.875,10.25,4.3125,-0.16,0.0,0.46,3,3,3,3
11184.2333984375,217.4375,10.375,4.125,-0.23,-0.51,0.12,3,3,3,3
11196.091064453125,217.4375,10.375,4.125,0.73,-0.94,0.49,3,3,3,3
11205.1533203125,216.5625,10.5625,4.0,1.42,-0.69,0.65,3,3,3,3
11212.774169921875,216.5625,10.5625,4.0,1.8,-1.01,0.84,3,3,3,3
11221.429931640625,216.125,10.625,3.875,1.29,-0.95,0.35,3,3,3,3
11226.337890625,215.625,10.5625,3.8125,1.29,-0.95,0.35,3,3,3,3
11234.48583984375,215.0,10.375,3.6875,0.72,-0.53,0.35,3,3,3,3
11246.901611328125,215.0,10.375,3.6875,-0.34,-0.28,0.34,3,3,3,3
11255.791259765625,213.8125,9.8125,3.5,-0.62,-0.13,0.57,3,3,3,3
11264.656494140625,213.1875,9.5,3.3125,-1.69,0.67,0.77,3,3,3,3
11272.980712890625,213.1875,9.5,3.3125,-1.83,1.11,1.06,3,3,3,3
11281.724609375,212.625,9.125,3.125,-1.96,2.09,1.14,3,3,3,3
11286.698486328125,212.125,8.6875,2.9375,-1.96,2.09,1.14,3,3,3,3
11301.54541015625,211.625,8.25,2.9375,-0.98,-0.86,0.86,3,3,3,3
11307.73388671875,211.1875,7.75,3.125,-0.98,-0.86,0.86,3,3,3,3
11314.75244140625,210.6875,7.3125,3.1875,-0.06,0.36,0.87,3,3,3,3
11323.323486328125,210.6875,7.3125,3.1875,-1.02,-0.37,0.26,3,3,3,3
11331.947998046875,210.1875,6.8125,3.3125,-0.26,-0.78,0.77,3,3,3,3
11336.87939453125,209.625,6.125,3.5,-0.26,-0.78,0.77,3,3,3,3
11351.882568359375,209.0625,5.5,3.5625,-0.63,-1.31,-0.1,3,3,3,3
11358.059814453125,208.6875,4.8125,3.6875,-0.63,-1.31,-0.1,3,3,3,3
11365.06591796875,208.125,3.9375,3.9375,-1.14,-1.76,-0.12,3,3,3,3
11373.4833984375,208.125,3.9375,3.9375,0.04,0.46,0.0,3,3,3,3
11382.19482421875,207.4375,3.0625,4.0625,-0.6,-0.15,0.02,3,3,3,3
11387.1181640625,206.8125,2.1875,4.25,-0.6,-0.15,0.02,3,3,3,3
11402.438720703125,206.125,1.25,4.625,-0.93,-0.7,-0.97,3,3,3,3
11408.662841796875,205.5,0.25,5.0625,-0.93,-0.7,-0.97,3,3,3,3
11415.666748046875,204.5625,-0.6875,5.5625,-1.62,-1.1,-1.41,3,3,3,3
11423.703369140625,204.5625,-0.6875,5.5625,-1.92,-1.43,-1.94,3,3,3,3
11432.43359375,203.625,-1.6875,6.1875,-1.61,-1.25,-1.93,3,3,3,3
11437.357666015625,202.625,-2.5625,6.75,-1.61,-1.25,-1.93,3,3,3,3
11452.257568359375,201.6875,-3.3125,7.1875,1.02,-1.15,-0.06,3,3,3,3
11458.41552734375,200.875,-3.9375,7.5625,1.02,-1.15,-0.06,3,3,3,3
11466.547119140625,199.875,-4.5,7.875,0.45,-2.23,0.0,3,3,3,3
11475.503662109375,198.875,-5.125,8.125,-0.6,-1.17,-0.63,3,3,3,3
11484.04931640625,198.875,-5.125,8.125,-1.06,0.32,-0.11,3,3,3,3
11496.331787109375,197.75,-5.6875,8.3125,-0.49,0.88,-0.36,3,3,3,3
11504.835205078125,196.625,-6.125,8.4375,-0.88,-0.54,-0.58,3,3,3,3
11512.74755859375,195.6875,-6.5,8.5625,-0.2,-1.35,-0.05,3,3,3,3
11517.6416015625,194.6875,-6.8125,8.8125,-0.2,-1.35,-0.05,3,3,3,3
11525.94482421875,193.6875,-7.0625,8.9375,0.16,-0.78,-1.16,3,3,3,3
11534.27392578125,193.6875,-7.0625,8.9375,-0.97,-1.16,-1.3,3,3,3,3
11546.553466796875,192.6875,-7.3125,9.0625,-0.64,0.34,-0.95,3,3,3,3
11555.3974609375,191.6875,-7.5,9.25,-1.75,0.32,-2.06,3,3,3,3
11564.712646484375,190.8125,-7.625,9.3125,-1.22,0.17,-1.15,3,3,3,3
11573.0126953125,189.8125,-7.5625,9.5,-0.16,0.67,-0.87,3,3,3,3
11577.996337890625,188.8125,-7.25,9.5625,-0.16,0.67,-0.87,3,3,3,3
11586.186279296875,187.8125,-6.8125,9.6875,0.2,1.51,-1.04,3,3,3,3
11598.077392578125,187.8125,-6.8125,9.6875,-0.19,-2.0,0.1,3,3,3,3
11607.114990234375,185.75,-5.75,10.25,0.54,-0.75,-0.43,3,3,3,3
11614.755859375,185.75,-5.75,10.25,0.33,-1.54,-1.09,3,3,3,3
11623.243408203125,184.75,-5.1875,10.5,2.29,-0.81,0.05,3,3,3,3
11628.151611328125,183.75,-4.625,10.6875,2.29,-0.81,0.05,3,3,3,3
11636.351318359375,182.75,-3.9375,10.8125,2.27,-1.45,-0.18,3,3,3,3
11648.8388671875,182.75,-3.9375,10.8125,2.7,-0.6,0.06,3,3,3,3
11657.74755859375,180.5,-2.8125,11.0,1.99,0.0,0.09,3,3,3,3
11666.68603515625,179.3125,-2.375,11.0625,0.89,0.01,0.09,3,3,3,3
11674.9638671875,179.3125,-2.375,11.0625,0.28,1.2,0.89,3,3,3,3
11683.519287109375,178.0625,-1.875,11.125,-0.31,1.11,0.98,3,3,3,3
11688.4326171875,176.8125,-1.375,11.1875,-0.31,1.11,0.98,3,3,3,3
11703.35498046875,175.625,-0.9375,11.25,-0.77,2.32,2.28,3,3,3,3
11709.583251953125,174.375,-0.4375,11.1875,-0.77,2.32,2.28,3,3,3,3
11716.483642578125,173.25,0.0,11.125,-0.43,2.05,2.65,3,3,3,3
11725.102783203125,173.25,0.0,11.125,-1.11,1.52,1.61,3,3,3,3
11733.79541015625,172.25,0.125,11.1875,-1.19,1.59,0.99,3,3,3,3
11738.70751953125,171.1875,0.3125,11.25,-1.19,1.59,0.99,3,3,3,3
11753.79833984375,170.0,0.375,11.3125,-1.01,0.91,0.11,3,3,3,3
11760.02978515625,168.8125,0.5,11.3125,-1.01,0.91,0.11,3,3,3,3
11767.041748046875,167.8125,0.5,11.25,-2.18,0.03,-1.19,3,3,3,3
11775.3134765625,167.8125,0.5,11.25,-3.21,-0.56,-2.0,3,3,3,3
11784.021728515625,166.9375,0.625,11.0,-1.39,0.14,-1.53,3,3,3,3
11788.930419921875,166.0625,0.9375,10.75,-1.39,0.14,-1.53,3,3,3,3
11804.3779296875,165.125,1.375,10.5,3.31,0.17,1.29,3,3,3,3
11814.397216796875,164.0625,1.8125,10.25,3.82,-0.62,1.31,3,3,3,3
11819.771484375,163.0,2.1875,10.125,3.82,-0.62,1.31,3,3,3,3
11827.1953125,161.8125,2.375,10.0,3.72,-1.05,0.78,3,3,3,3
11835.530029296875,161.8125,2.375,10.0,2.19,-0.15,0.41,3,3,3,3
11846.720458984375,160.5,2.375,9.9375,1.88,-0.06,0.55,3,3,3,3
11856.166748046875,159.25,2.375,9.8125,1.27,-0.32,0.03,3,3,3,3
11864.200927734375,158.0625,2.25,9.6875,-0.51,0.12,-0.47,3,3,3,3
11869.2607421875,157.0,2.125,9.5,-0.51,0.12,-0.47,3,3,3,3
11877.4521484375,155.9375,2.0625,9.25,-0.72,0.3,-0.21,3,3,3,3
11885.793701171875,155.9375,2.0625,9.25,-1.22,0.98,-0.11,3,3,3,3
11896.941650390625,154.875,2.125,9.0,-0.88,1.03,0.11,3,3,3,3
11906.884765625,153.8125,2.25,8.875,0.15,0.33,0.36,3,3,3,3
11915.967041015625,152.6875,2.5,8.75,0.99,0.43,1.07,3,3,3,3
11924.650146484375,151.5625,2.75,8.6875,0.83,0.3,0.99,3,3,3,3
11929.579833984375,150.4375,2.9375,8.625,0.83,0.3,0.99,3,3,3,3
11937.720703125,149.25,3.0625,8.625,-0.27,-0.24,0.18,3,3,3,3
11949.552490234375,149.25,3.0625,8.625,1.45,0.65,1.3,3,3,3,3
11958.580322265625,146.875,3.3125,8.5625,0.07,0.12,0.62,3,3,3,3
11966.183837890625,146.875,3.3125,8.5625,-0.41,-0.63,0.19,3,3,3,3
11974.830078125,145.8125,3.375,8.4375,-1.02,0.21,-0.2,3,3,3,3
11979.831787109375,144.6875,3.4375,8.375,-1.02,0.21,-0.2,3,3,3,3
11987.983642578125,143.625,3.625,8.25,-1.21,0.54,-0.22,3,3,3,3
12000.485107421875,143.625,3.625,8.25,-0.24,0.7,0.45,3,3,3,3
12009.355224609375,141.4375,4.0625,8.125,0.58,0.84,0.79,3,3,3,3
12018.35107421875,140.3125,4.25,8.125,0.44,-0.4,0.1,3,3,3,3
12026.367431640625,140.3125,4.25,8.125,1.35,0.27,0.47,3,3,3,3
12035.1259765625,139.1875,4.4375,8.0625,1.0,0.33,0.28,3,3,3,3
12040.09619140625,138.0,4.625,8.0625,1.0,0.33,0.28,3,3,3,3
12054.97265625,136.875,4.6875,8.0625,0.42,0.08,0.11,3,3,3,3
12061.117919921875,135.625,4.8125,8.0625,0.42,0.08,0.11,3,3,3,3
12068.190673828125,134.5625,4.9375,8.0625,0.2,-0.12,0.12,3,3,3,3
12076.6943359375,134.5625,4.9375,8.0625,0.24,0.47,0.23,3,3,3,3
12085.359375,133.4375,5.0625,8.0625,0.27,0.89,0.44,3,3,3,3
12090.425537109375,132.4375,5.1875,8.0625,0.27,0.89,0.44,3,3,3,3
12105.527587890625,131.375,5.375,8.125,0.41,-0.04,0.31,3,3,3,3
12111.739013671875,130.3125,5.5,8.1875,0.41,-0.04,0.31,3,3,3,3
12118.679443359375,129.25,5.625,8.1875,0.29,0.09,0.36,3,3,3,3
12126.907958984375,129.25,5.625,8.1875,-0.36,0.02,-0.16,3,3,3,3
12135.523193359375,128.25,5.75,8.25,-0.26,0.51,0.27,3,3,3,3
12140.470947265625,127.25,5.875,8.25,-0.26,0.51,0.27,3,3,3,3
12155.3466796875,126.25,6.125,8.3125,0.57,0.8,0.46,3,3,3,3
12161.42626953125,125.25,6.25,8.375,0.57,0.8,0.46,3,3,3,3
12168.44580078125,124.375,6.3125,8.5,0.52,0.35,0.54,3,3,3,3
12177.10791015625,124.375,6.3125,8.5,0.29,0.82,0.26,3,3,3,3
12185.72802734375,123.5625,6.4375,8.5625,0.02,0.29,0.29,3,3,3,3
12190.64501953125,122.75,6.5,8.6875,0.02,0.29,0.29,3,3,3,3
12205.696533203125,121.9375,6.5625,8.75,-0.35,0.84,0.36,3,3,3,3
12211.9384765625,121.0625,6.5625,8.8125,-0.35,0.84,0.36,3,3,3,3
12219.019287109375,120.375,6.5625,8.8125,-0.66,0.94,0.53,3,3,3,3
12227.279296875,120.375,6.5625,8.8125,-0.59,1.25,0.52,3,3,3,3
12236.0087890625,119.6875,6.5,8.8125,-0.85,1.08,0.31,3,3,3,3
12240.93798828125,119.0,6.5,8.875,-0.85,1.08,0.31,3,3,3,3
12256.22900390625,118.375,6.5,8.875,0.11,1.71,1.16,3,3,3,3
12266.342041015625,117.8125,6.5,8.9375,-0.51,0.09,0.89,3,3,3,3
12272.020263671875,117.25,6.375,9.0625,-0.51,0.09,0.89,3,3,3,3
12279.223876953125,116.75,6.3125,9.125,0.01,0.17,0.84,3,3,3,3
12287.557373046875,116.75,6.3125,9.125,-0.39,0.71,0.97,3,3,3,3
12299.961669921875,116.1875,6.1875,9.1875,-0.44,0.86,1.08,3,3,3,3
12308.060546875,115.6875,6.125,9.25,-0.44,1.39,1.27,3,3,3,3
12316.095947265625,114.9375,6.0,9.3125,-1.33,0.86,0.6,3,3,3,3
12321.173095703125,114.5,5.875,9.375,-1.33,0.86,0.6,3,3,3,3
12329.260986328125,114.0625,5.75,9.4375,-1.04,1.1,0.55,3,3,3,3
12337.79833984375,114.0625,5.75,9.4375,-0.95,1.02,0.67,3,3,3,3
12350.123291015625,113.625,5.6875,9.5,-0.85,1.04,0.66,3,3,3,3
12358.67529296875,113.1875,5.625,9.5625,-0.88,0.83,0.47,3,3,3,3
12366.549560546875,112.625,5.625,9.625,-0.48,0.95,0.76,3,3,3,3
12371.55029296875,112.125,5.625,9.75,-0.48,0.95,0.76,3,3,3,3
12379.611572265625,111.6875,5.6875,9.8125,0.22,1.51,0.75,3,3,3,3
12387.983642578125,111.6875,5.6875,9.8125,-0.2,1.18,0.6,3,3,3,3
12400.399658203125,111.3125,5.625,9.9375,0.21,1.31,0.85,3,3,3,3
12409.272705078125,110.875,5.625,10.0625,0.43,1.4,0.88,3,3,3,3
12418.528564453125,110.5,5.5625,10.1875,-0.18,1.43,0.58,3,3,3,3
12426.69091796875,110.25,5.375,10.25,-1.57,1.53,0.0,3,3,3,3
12432.42431640625,110.0625,5.125,10.3125,-1.57,1.53,0.0,3,3,3,3
12439.88427734375,110.0,4.875,10.375,-1.98,1.86,-0.02,3,3,3,3
12451.83447265625,110.0,4.875,10.375,-2.13,2.4,-0.14,3,3,3,3
12460.867919921875,109.9375,4.6875,10.5,-1.47,2.16,0.13,3,3,3,3
12468.2158203125,109.9375,4.6875,10.5,-1.01,1.65,0.01,3,3,3,3
12477.02099609375,110.0,4.625,10.625,-0.67,1.18,0.04,3,3,3,3
12482.0439453125,110.125,4.6875,10.8125,-0.67,1.18,0.04,3,3,3,3
12490.241943359375,110.1875,4.6875,11.0625,0.08,0.77,0.14,3,3,3,3
12502.679443359375,110.1875,4.6875,11.0625,0.72,0.73,0.21,3,3,3,3
12511.5712890625,110.3125,4.8125,11.5,1.4,0.58,0.74,3,3,3,3
12520.53076171875,110.375,4.6875,11.75,0.76,0.8,0.68,3,3,3,3
12528.552490234375,110.375,4.6875,11.75,0.68,1.13,0.76,3,3,3,3
12537.327880859375,110.4375,4.5625,11.9375,-0.22,1.8,0.33,3,3,3,3
12542.247314453125,110.5625,4.375,12.0625,-0.22,1.8,0.33,3,3,3,3
12557.154541015625,110.8125,4.125,12.1875,-0.64,2.6,0.77,3,3,3,3
12563.325927734375,111.0625,4.0625,12.3125,-0.64,2.6,0.77,3,3,3,3
12570.413330078125,111.375,4.0625,12.5625,0.02,2.5,0.88,3,3,3,3
12578.9560546875,111.375,4.0625,12.5625,0.12,1.55,0.59,3,3,3,3
12587.732177734375,111.6875,4.125,12.9375,1.17,0.57,0.48,3,3,3,3
12593.371337890625,111.9375,4.1875,13.375,1.17,0.57,0.48,3,3,3,3
12607.5517578125,112.1875,4.3125,13.8125,1.47,0.33,0.39,3,3,3,3
12613.786376953125,112.3125,4.375,14.25,1.47,0.33,0.39,3,3,3,3
12620.701171875,112.375,4.3125,14.6875,1.34,1.1,0.56,3,3,3,3
12629.058837890625,112.375,4.3125,14.6875,0.46,1.31,0.06,3,3,3,3
12637.799072265625,112.5,4.25,15.125,-0.45,0.95,-0.13,3,3,3,3
12642.76611328125,112.625,4.125,15.5,-0.45,0.95,-0.13,3,3,3,3
12658.15576171875,112.875,4.0,15.8125,-1.22,1.37,-0.25,3,3,3,3
12668.286376953125,113.125,3.9375,16.0,-0.42,2.18,0.02,3,3,3,3
12673.719970703125,113.5625,3.9375,16.1875,-0.42,2.18,0.02,3,3,3,3
12681.2607421875,114.0,4.0625,16.375,-0.06,1.78,-0.08,3,3,3,3
12689.32177734375,114.0,4.0625,16.375,-0.01,0.77,-0.22,3,3,3,3
12701.784912109375,114.4375,4.1875,16.6875,1.22,0.75,0.12,3,3,3,3
12709.91259765625,114.8125,4.375,17.0,1.44,0.53,0.2,3,3,3,3
12717.87158203125,115.125,4.5625,17.3125,1.1,0.51,0.22,3,3,3,3
12722.876708984375,115.5,4.75,17.5625,1.1,0.51,0.22,3,3,3,3
12731.235107421875,115.875,4.8125,17.875,0.7,0.61,0.07,3,3,3,3
12739.603759765625,115.875,4.8125,17.875,0.92,1.46,0.49,3,3,3,3
12751.966552734375,116.1875,4.875,18.1875,0.06,1.55,-0.12,3,3,3,3
12760.575927734375,116.5,4.875,18.4375,-1.36,0.56,-0.76,3,3,3,3
12769.843505859375,116.875,4.8125,18.75,-0.26,1.52,-0.36,3,3,3,3
12778.370361328125,117.25,4.8125,19.0,-0.43,1.17,-0.56,3,3,3,3
12783.40234375,117.6875,4.875,19.25,-0.43,1.17,-0.56,3,3,3,3
12791.552978515625,118.0625,4.9375,19.5,0.0,0.44,-0.43,3,3,3,3
12804.379150390625,118.0625,4.9375,19.5,0.59,0.54,0.02,3,3,3,3
12812.27294921875,119.0,5.25,19.8125,1.1,0.42,0.64,3,3,3,3
12820.0791015625,119.0,5.25,19.8125,0.96,1.25,0.7,3,3,3,3
12828.539794921875,119.4375,5.3125,19.9375,0.74,1.07,0.57,3,3,3,3
12833.496826171875,119.8125,5.375,20.0,0.74,1.07,0.57,3,3,3,3
12841.654052734375,120.1875,5.375,20.125,0.11,0.98,0.15,3,3,3,3
12853.782958984375,120.1875,5.375,20.125,-0.43,1.75,0.29,3,3,3,3
12862.80712890625,120.9375,5.5,20.375,0.17,1.5,0.25,3,3,3,3
12871.77685546875,121.375,5.625,20.5,0.44,0.34,0.23,3,3,3,3
12880.329833984375,121.375,5.625,20.5,1.18,0.03,0.21,3,3,3,3
12888.867919921875,121.8125,5.75,20.6875,1.04,-0.3,0.0,3,3,3,3
12893.781494140625,122.25,5.875,20.75,1.04,-0.3,0.0,3,3,3,3
12909.280517578125,122.6875,5.9375,20.8125,1.61,0.31,0.35,3,3,3,3
12919.3037109375,123.0,6.0625,20.875,1.19,0.29,0.25,3,3,3,3
12924.68115234375,123.4375,6.125,20.8125,1.19,0.29,0.25,3,3,3,3
12932.13037109375,123.8125,6.1875,20.8125,0.62,1.19,-0.09,3,3,3,3
12940.465087890625,123.8125,6.1875,20.8125,0.78,0.62,0.0,3,3,3,3
12952.76611328125,124.1875,6.25,20.75,0.5,0.16,-0.23,3,3,3,3
12961.048828125,124.5625,6.3125,20.8125,0.98,-0.27,-0.22,3,3,3,3
12968.946533203125,125.0,6.375,20.8125,0.37,-0.2,-0.48,3,3,3,3
12973.970947265625,125.4375,6.4375,20.75,0.37,-0.2,-0.48,3,3,3,3
12982.406494140625,125.875,6.4375,20.625,-0.09,0.12,-0.71,3,3,3,3
12990.718017578125,125.875,6.4375,20.625,-0.01,0.61,-0.5,3,3,3,3
13002.961669921875,126.3125,6.5,20.5,0.75,-0.39,-0.19,3,3,3,3
13011.74609375,126.75,6.5625,20.375,1.51,-0.2,0.37,3,3,3,3
13021.10107421875,127.1875,6.6875,20.25,1.88,0.33,0.69,3,3,3,3
13029.442138671875,127.5625,6.875,20.125,0.76,0.19,0.2,3,3,3,3
13034.4296875,127.9375,6.9375,20.0,0.76,0.19,0.2,3,3,3,3
13042.632568359375,128.3125,6.9375,19.875,0.8,0.76,0.37,3,3,3,3
13055.491455078125,128.3125,6.9375,19.875,0.8,0.42,0.34,3,3,3,3
13063.3876953125,128.9375,7.0625,19.75,0.78,0.29,0.35,3,3,3,3
13070.890380859375,128.9375,7.0625,19.75,0.81,0.34,0.23,3,3,3,3
13079.69580078125,129.3125,7.0625,19.6875,0.68,0.22,0.1,3,3,3,3
13084.65771484375,129.625,7.0625,19.625,0.68,0.22,0.1,3,3,3,3
13092.802490234375,130.0,7.0625,19.5625,0.47,0.51,-0.09,3,3,3,3
13105.237060546875,130.0,7.0625,19.5625,0.06,0.11,-0.24,3,3,3,3
13114.190673828125,130.6875,7.0625,19.4375,0.46,0.52,-0.17,3,3,3,3
13123.142822265625,131.0625,7.1875,19.375,0.68,-0.06,-0.19,3,3,3,3
13131.1943359375,131.0625,7.1875,19.375,0.63,-0.33,-0.14,3,3,3,3
13139.958984375,131.4375,7.25,19.3125,1.18,-0.12,0.08,3,3,3,3
13144.874267578125,131.8125,7.3125,19.3125,1.18,-0.12,0.08,3,3,3,3
13159.783935546875,132.125,7.375,19.25,0.19,0.16,-0.32,3,3,3,3
13165.95556640625,132.375,7.375,19.1875,0.19,0.16,-0.32,3,3,3,3
13174.040283203125,132.6875,7.4375,19.125,0.62,0.04,-0.12,3,3,3,3
13181.388427734375,132.6875,7.4375,19.125,0.57,-0.2,-0.29,3,3,3,3
13190.3330078125,132.9375,7.5,19.0625,0.71,-0.28,-0.36,3,3,3,3
13195.2734375,133.3125,7.5625,19.0,0.71,-0.28,-0.36,3,3,3,3
13212.41162109375,133.625,7.625,18.9375,0.46,0.1,-0.1,3,3,3,3
13220.303466796875,133.875,7.6875,18.875,0.64,0.18,0.1,3,3,3,3
13225.9345703125,134.1875,7.8125,18.8125,0.64,0.18,0.1,3,3,3,3
13233.4560546875,134.4375,7.875,18.75,0.13,0.13,-0.23,3,3,3,3
13241.786376953125,134.4375,7.875,18.75,-0.19,-0.09,-0.48,3,3,3,3
13254.063232421875,134.6875,7.875,18.75,-0.22,-0.31,-0.49,3,3,3,3
13262.84814453125,134.9375,7.875,18.75,-0.08,0.05,-0.37,3,3,3,3
13272.14111328125,135.1875,7.9375,18.75,-0.19,-0.03,-0.53,3,3,3,3
13280.511962890625,135.4375,8.0,18.6875,0.07,-0.44,-0.61,3,3,3,3
13285.468994140625,135.75,8.125,18.6875,0.07,-0.44,-0.61,3,3,3,3
13293.6669921875,136.0,8.25,18.625,0.23,-0.61,-0.6,3,3,3,3
13305.50732421875,136.0,8.25,18.625,0.53,-0.95,-0.72,3,3,3,3
13314.568359375,136.4375,8.5,18.5,0.78,-1.15,-0.63,3,3,3,3
13322.243408203125,136.4375,8.5,18.5,0.93,-0.96,-0.46,3,3,3,3
13330.731689453125,136.625,8.625,18.375,1.0,-0.87,-0.57,3,3,3,3
13335.70849609375,136.8125,8.75,18.3125,1.0,-0.87,-0.57,3,3,3,3
13343.867431640625,136.875,8.8125,18.1875,1.1,-0.94,-0.4,3,3,3,3
13356.323974609375,136.875,8.8125,18.1875,0.9,-0.82,-0.3,3,3,3,3
13365.18896484375,137.0625,8.9375,18.0,0.74,-0.68,-0.25,3,3,3,3
13374.108642578125,137.125,8.9375,17.8125,0.68,-0.56,-0.29,3,3,3,3
13382.382080078125,137.125,8.9375,17.8125,-0.03,-0.44,-0.66,3,3,3,3
13391.063232421875,137.25,9.0,17.6875,0.29,-0.4,-0.54,3,3,3,3
13396.029052734375,137.3125,9.125,17.625,0.29,-0.4,-0.54,3,3,3,3
13410.904296875,137.375,9.25,17.5,1.05,-0.78,-0.05,3,3,3,3
13417.16015625,137.4375,9.375,17.4375,1.05,-0.78,-0.05,3,3,3,3
13423.9794921875,137.4375,9.5,17.375,1.06,-0.98,-0.12,3,3,3,3
13432.57080078125,137.4375,9.5,17.375,1.25,-1.03,0.05,3,3,3,3
13441.262939453125,137.4375,9.5625,17.3125,1.78,-0.57,0.35,3,3,3,3
13446.174072265625,137.375,9.625,17.1875,1.78,-0.57,0.35,3,3,3,3
13461.21533203125,137.3125,9.625,17.125,0.46,-0.26,0.12,3,3,3,3
13467.4560546875,137.1875,9.625,17.0625,0.46,-0.26,0.12,3,3,3,3
13474.739990234375,137.125,9.625,16.9375,0.25,0.25,0.06,3,3,3,3
